Handle,Title,Type,Tags,Vendor,Published,Variant Price,Image Src
jose-cuervo-tradicional-silver-tequila-70cl-38-abv,Jose Cuervo - Tradicional Silver Tequila 70cl 38% ABV,Tequila,"tequila, blanco",Jose Cuervo,TRUE,140.99,https://www.liquorstore-online.com/product_images/p_134788.webp
fortaleza-blanco-still-strength-tequila-70cl-46-abv,Fortaleza - Blanco Still Strength Tequila 70cl 46% ABV,Tequila,"tequila, blanco",Fortaleza,TRUE,253.99,https://www.liquorstore-online.com/product_images/p_134865.webp
maestro-dobel-humito-smoked-silver-tequila-70cl-40-abv,Maestro Dobel - Humito Smoked Silver Tequila 70cl 40% ABV,Tequila,"tequila, blanco",Maestro Dobel,TRUE,185.99,https://www.liquorstore-online.com/product_images/p_134904.webp
gem-bolt-artesanal-mezcal-70cl-44-abv,Gem & Bolt - Artesanal Mezcal 70cl 44% ABV,Tequila,"tequila, mezcal",Gem & Bolt,TRUE,178.99,https://www.liquorstore-online.com/product_images/p_135018.webp
gran-centenario-anejo-tequila-70cl-38-abv,Gran Centenario - Anejo Tequila 70cl 38% ABV,Tequila,"tequila, anejo",Gran Centenario,TRUE,207.99,https://www.liquorstore-online.com/product_images/p_135108.webp
maestro-dobel-silver-tequila-70cl-40-abv,Maestro Dobel - Silver Tequila 70cl 40% ABV,Tequila,"tequila, blanco",Maestro Dobel,TRUE,193.99,https://www.liquorstore-online.com/product_images/p_135167.webp
casamigos-100-agave-mezcal-70cl-40-abv-george-clooney,Casamigos - 100% Agave Mezcal 70cl 40% ABV (George Clooney),Tequila,"tequila, mezcal",Casamigos,TRUE,207.99,https://www.liquorstore-online.com/product_images/p_135188.webp
jose-cuervo-especial-silver-tequila-70cl-35-abv,Jose Cuervo - Especial Silver Tequila 70cl 35% ABV,Tequila,"tequila, blanco",Jose Cuervo,TRUE,127.99,https://www.liquorstore-online.com/product_images/p_135309.jpg
jose-cuervo-especial-reposado-tequila-70cl-35-abv,Jose Cuervo - Especial Reposado Tequila 70cl 35% ABV,Tequila,"tequila, reposado",Jose Cuervo,TRUE,127.99,https://www.liquorstore-online.com/product_images/p_135392.webp
fortaleza-blanco-tequila-70cl-40-abv,Fortaleza - Blanco Tequila 70cl 40% ABV,Tequila,"tequila, blanco",Fortaleza,TRUE,211.99,https://www.liquorstore-online.com/product_images/p_135527.webp
casamigos-reposado-tequila-70cl-40-abv-george-clooney,Casamigos - Reposado Tequila 70cl 40% ABV (George Clooney),Tequila,"tequila, reposado",Casamigos,TRUE,195.99,https://www.liquorstore-online.com/product_images/p_135702.webp
jose-cuervo-tradicional-reposado-tequila-70cl-38-abv,Jose Cuervo - Tradicional Reposado Tequila 70cl 38% ABV,Tequila,"tequila, reposado",Jose Cuervo,TRUE,139.99,https://www.liquorstore-online.com/product_images/p_135799.webp
jose-cuervo-reserva-de-la-familia-platino-tequila-70cl-40-abv,Jose Cuervo - Reserva De La Familia Platino Tequila 70cl 40% ABV,Tequila,tequila,Jose Cuervo,TRUE,207.99,https://www.liquorstore-online.com/product_images/p_135855.webp
1800-cristalino-anejo-tequila-70cl-35-abv,1800 - Cristalino Anejo Tequila 70cl 35% ABV,Tequila,"tequila, anejo",1800,TRUE,200.99,https://www.liquorstore-online.com/product_images/p_135901.webp
casamigos-anejo-tequila-70cl-40-abv-george-clooney,Casamigos - Anejo Tequila 70cl 40% ABV (George Clooney),Tequila,"tequila, anejo",Casamigos,TRUE,207.99,https://www.liquorstore-online.com/product_images/p_136348.webp
1800-anejo-tequila-70cl-38-abv,1800 - Anejo Tequila 70cl 38% ABV,Tequila,"tequila, anejo",1800,TRUE,188.99,https://www.liquorstore-online.com/product_images/p_136383.webp
don-julio-anejo-tequila-70cl-38-abv,Don Julio - Anejo Tequila 70cl 38% ABV,Tequila,"tequila, anejo",Don Julio,TRUE,205.99,https://www.liquorstore-online.com/product_images/p_136512.webp
dos-hombres-joven-mezcal-70cl-42-abv-bryan-cranston-aaron-paul,Dos Hombres - Joven Mezcal 70cl 42% ABV (Bryan Cranston & Aaron Paul),Tequila,"tequila, mezcal",Dos Hombres,TRUE,201.99,https://www.liquorstore-online.com/product_images/p_139429.webp
1800-silver-tequila-70cl-38-abv,1800 - Silver Tequila 70cl 38% ABV,Tequila,"tequila, blanco",1800,TRUE,137.99,https://www.liquorstore-online.com/product_images/p_139648.webp
1800-coconut-infused-tequila-70cl-35-abv,1800 - Coconut Infused Tequila 70cl 35% ABV,Tequila,tequila,1800,TRUE,178.99,https://www.liquorstore-online.com/product_images/p_139753.webp
olmeca-altos-anejo-tequila-70cl-40-abv,Olmeca Altos - Anejo Tequila 70cl 40% ABV,Tequila,"tequila, anejo",Olmeca,TRUE,141.99,https://www.liquorstore-online.com/product_images/p_165943.webp
jose-cuervo-especial-reposado-tequila-70cl-100cl-x-2-38-abv-includes-margarita-mix-highball-glasses,Jose Cuervo - Especial Reposado Tequila 70cl + 100cl x 2 38% ABV (Includes Margarita Mix & Highball Glasses),Tequila,"tequila, reposado",Jose Cuervo,TRUE,141.99,https://www.liquorstore-online.com/product_images/p_165954.webp
casa-dragones-joven-tequila-70cl-40-abv,Casa Dragones - Joven Tequila 70cl 40% ABV,Tequila,tequila,Casa Dragones,TRUE,756.99,https://www.liquorstore-online.com/product_images/p_166035.webp
herradura-seleccion-suprema-anejo-tequila-70cl-40-abv,Herradura - Seleccion Suprema Anejo Tequila 70cl 40% ABV,Tequila,"tequila, anejo",Herradura,TRUE,722.99,https://www.liquorstore-online.com/product_images/p_166182.webp
volcan-de-mi-tierra-blanco-tequila-70cl-40-abv,Volcan De Mi Tierra - Blanco Tequila 70cl 40% ABV,Tequila,"tequila, blanco",Volcan de mi Tierra,TRUE,182.99,https://www.liquorstore-online.com/product_images/p_166232.webp
herradura-anejo-tequila-70cl-40-abv,Herradura - Anejo Tequila 70cl 40% ABV,Tequila,"tequila, anejo",Herradura,TRUE,189.99,https://www.liquorstore-online.com/product_images/p_166376.webp
storywood-speyside-14-anejo-tequila-70cl-40-abv,Storywood - Speyside 14 Anejo Tequila 70cl 40% ABV,Tequila,"tequila, anejo",Storywood,TRUE,198.99,https://www.liquorstore-online.com/product_images/p_166475.webp
quiquiriqui-espadin-mezcal-70cl-45-abv,Quiquiriqui - Espadin Mezcal 70cl 45% ABV,Tequila,"tequila, mezcal",Quiquiriqui,TRUE,182.99,https://www.liquorstore-online.com/product_images/p_166560.webp
jose-cuervo-especial-silver-tequila-70cl-100cl-x-2-38-abv-includes-margarita-mix-highball-glasses,Jose Cuervo - Especial Silver Tequila 70cl + 100cl x 2 38% ABV (Includes Margarita Mix & Highball Glasses),Tequila,"tequila, blanco",Jose Cuervo,TRUE,141.99,https://www.liquorstore-online.com/product_images/p_166598.jpg
jose-cuervo-reserva-de-la-familia-jorge-pardo-untitled-collection-2019-extra-anejo-tequila-70cl-38-a,Jose Cuervo - Reserva De La Familia - Jorge Pardo Untitled Collection 2019 Extra Anejo Tequila 70cl 38% ABV,Tequila,"tequila, extra-anejo",Jose Cuervo,TRUE,627.99,https://www.liquorstore-online.com/product_images/p_166625.webp
codigo-1530-reposado-tequila-70cl-38-abv,Codigo 1530 - Reposado Tequila 70cl 38% ABV,Tequila,"tequila, reposado",Codigo 1530,TRUE,188.99,https://www.liquorstore-online.com/product_images/p_166627.webp
casa-dragones-joven-blanco-tequila-70cl-40-abv-glass-pack,Casa Dragones - Joven Blanco Tequila 70cl 40% ABV Glass Pack,Tequila,"tequila, blanco",Casa Dragones,TRUE,782.99,https://www.liquorstore-online.com/product_images/p_166771.webp
lobos-1707-extra-anejo-tequila-75cl-40-abv-lebron-james,Lobos 1707 - Extra Anejo Tequila 75cl 40% ABV (LeBron James),Tequila,"tequila, extra-anejo",Lobos 1707,TRUE,409.99,https://www.liquorstore-online.com/product_images/p_166795.webp
codigo-1530-blanco-tequila-70cl-38-abv,Codigo 1530 - Blanco Tequila 70cl 38% ABV,Tequila,"tequila, blanco",Codigo 1530,TRUE,143.99,https://www.liquorstore-online.com/product_images/p_166853.webp
1800-reposado-silver-tequila-20cl-x-2-40-abv-gift-pack,1800 - Reposado & Silver Tequila 20cl x 2 40% ABV Gift Pack,Tequila,"tequila, reposado",1800,TRUE,132.99,https://www.liquorstore-online.com/product_images/p_167022.webp
1800-daniel-cordas-limited-edition-silver-tequila-70cl-38-abv,1800 - Daniel Cordas Limited Edition Silver Tequila 70cl 38% ABV,Tequila,"tequila, blanco",1800,TRUE,175.99,https://www.liquorstore-online.com/product_images/p_167049.webp
herradura-plata-tequila-70cl-40-abv,Herradura - Plata Tequila 70cl 40% ABV,Tequila,"tequila, blanco",Herradura,TRUE,178.99,https://www.liquorstore-online.com/product_images/p_167069.webp
storywood-speyside-7-reposado-tequila-70cl-40-abv,Storywood - Speyside 7 Reposado Tequila 70cl 40% ABV,Tequila,"tequila, reposado",Storywood,TRUE,183.99,https://www.liquorstore-online.com/product_images/p_167181.webp
ilegal-anejo-mezcal-70cl-40-abv,Ilegal - Anejo Mezcal 70cl 40% ABV,Tequila,"tequila, mezcal, anejo",Ilegal,TRUE,247.99,https://www.liquorstore-online.com/product_images/p_167290.webp
1921-tequila-blanco-750ml,1921 Tequila Blanco 750ml,Tequila,"tequila, blanco",1921 Tequila,TRUE,87.48,https://www.liquorstore-online.com/product_images/p_176726.webp
jose-cuervo-especial-silver-tequila-1-75l,Jose Cuervo Especial Silver Tequila 1.75L,Tequila,"tequila, blanco",Jose Cuervo,TRUE,86.49,https://www.liquorstore-online.com/product_images/p_176728.webp
jose-cuervo-especial-gold-tequila-750ml,Jose Cuervo Especial Gold Tequila 750ml,Tequila,tequila,Jose Cuervo,TRUE,68.49,https://www.liquorstore-online.com/product_images/p_176847.webp
cincoro-reposado-750ml,Cincoro Reposado 750ml,Tequila,"tequila, reposado",Cincoro Tequila,TRUE,143.99,https://www.liquorstore-online.com/product_images/p_176870.webp
juarez-tequila-silver-1-75l,Juarez Tequila Silver 1.75L,Tequila,"tequila, blanco",Juarez Tequila,TRUE,74.48,https://www.liquorstore-online.com/product_images/p_176926.webp
1921-reposado-tequila-750ml,1921 Reposado Tequila 750ml,Tequila,"tequila, reposado",1921 Reposado,TRUE,89.48,https://www.liquorstore-online.com/product_images/p_176935.webp
teremana-blanco-tequila-750ml,Teremana Blanco Tequila 750ml,Tequila,"tequila, blanco",Teremana,TRUE,81.49,https://www.liquorstore-online.com/product_images/p_176999.webp
jose-cuervo-especial-gold-tequila-1-75l,Jose Cuervo Especial Gold Tequila 1.75L,Tequila,tequila,Jose Cuervo,TRUE,86.49,https://www.liquorstore-online.com/product_images/p_177002.webp
hussong-s-reposado-tequila-750ml,Hussong's Reposado Tequila 750ml,Tequila,"tequila, reposado",Hussongs Tequila,TRUE,91.48,https://www.liquorstore-online.com/product_images/p_177023.webp
cenote-tequila-blanco-750ml,Cenote Tequila Blanco 750ml,Tequila,"tequila, blanco",Cenote Tequila,TRUE,87.49,https://www.liquorstore-online.com/product_images/p_177024.webp
1800-tequila-blanco-1-75l,1800 Tequila Blanco 1.75L,Tequila,"tequila, blanco",1800,TRUE,91.49,https://www.liquorstore-online.com/product_images/p_177030.webp
banhez-mezcal-joven-cuishe-750ml,Banhez Mezcal Joven Cuishe 750ml,Tequila,"tequila, mezcal",Banhez Mezcal,TRUE,118.99,https://www.liquorstore-online.com/product_images/p_177083.webp
1800-tequila-coconut-1l,1800 Tequila Coconut 1L,Tequila,tequila,1800,TRUE,85.49,https://www.liquorstore-online.com/product_images/p_177091.webp
don-julio-blanco-tequila-750ml,Don Julio Blanco Tequila 750ml,Tequila,"tequila, blanco",Don Julio,TRUE,91.49,https://www.liquorstore-online.com/product_images/p_177138.webp
clase-azul-reposado-tequila-375ml,Clase Azul Reposado Tequila 375ml,Tequila,"tequila, reposado",Clase Azul,TRUE,175.48,https://www.liquorstore-online.com/product_images/p_177150.webp
reserva-de-la-familia-by-jose-cuervo-organic-reposado-tequila-750ml,Reserva de la Familia by Jose Cuervo Organic Reposado Tequila 750ml,Tequila,"tequila, reposado",Reserva De La Familia® By Jose Cuervo,TRUE,132.98,https://www.liquorstore-online.com/product_images/p_177154.webp
el-jimador-reposado-tequila-1l,el Jimador Reposado Tequila 1L,Tequila,"tequila, reposado",El Jimador,TRUE,73.49,https://www.liquorstore-online.com/product_images/p_177160.webp
xicaru-silver-mezcal-750ml,Xicaru Silver Mezcal 750ml,Tequila,"tequila, mezcal, blanco",Xicaru,TRUE,76.48,https://www.liquorstore-online.com/product_images/p_177168.webp
patron-reposado-tequila-750ml,Patron Reposado Tequila 750ml,Tequila,"tequila, reposado",Patron,TRUE,113.98,https://www.liquorstore-online.com/product_images/p_177175.webp
cincoro-anejo-750ml,Cincoro Anejo 750ml,Tequila,"tequila, anejo",Cincoro Tequila,TRUE,189.49,https://www.liquorstore-online.com/product_images/p_177178.webp
patron-silver-tequila-375ml,Patron Silver Tequila 375ml,Tequila,"tequila, blanco",Patron,TRUE,71.49,https://www.liquorstore-online.com/product_images/p_177231.webp
baluarte-blanco-tequila-750ml,Baluarte Blanco Tequila 750ml,Tequila,"tequila, blanco",Baluarte Blanco,TRUE,96.47,https://www.liquorstore-online.com/product_images/p_177247.webp
maestro-dobel-diamante-tequila-cristalino-750ml,Maestro Dobel Diamante Tequila Cristalino 750ml,Tequila,"tequila, blanco",Maestro Dobel,TRUE,105.99,https://www.liquorstore-online.com/product_images/p_177257.webp
patron-extra-anejo-tequila-750ml,Patron Extra Anejo Tequila 750ml,Tequila,"tequila, extra-anejo",Patron,TRUE,133.99,https://www.liquorstore-online.com/product_images/p_177274.webp
patron-silver-tequila-1-75l,Patron Silver Tequila 1.75L,Tequila,"tequila, blanco",Patron,TRUE,139.99,https://www.liquorstore-online.com/product_images/p_177325.webp
patron-anejo-tequila-750ml,Patron Anejo Tequila 750ml,Tequila,"tequila, anejo",Patron,TRUE,119.99,https://www.liquorstore-online.com/product_images/p_177333.webp
espolon-tequila-reposado-1l,Espolon Tequila Reposado 1L,Tequila,"tequila, reposado",Espolon,TRUE,81.49,https://www.liquorstore-online.com/product_images/p_177361.webp
clase-azul-gold-tequila-750ml,Clase Azul Gold Tequila 750ml,Tequila,tequila,Clase Azul,TRUE,421.99,https://www.liquorstore-online.com/product_images/p_177373.webp
cincoro-blanco-750ml,Cincoro Blanco 750ml,Tequila,"tequila, blanco",Cincoro Tequila,TRUE,112.99,https://www.liquorstore-online.com/product_images/p_177403.webp
prospero-anejo-tequila-750ml,Prospero Anejo Tequila 750ml,Tequila,"tequila, anejo",Prospero Anejo,TRUE,95.48,https://www.liquorstore-online.com/product_images/p_177421.webp
milagro-silver-tequila-1l,Milagro Silver Tequila 1L,Tequila,"tequila, blanco",Milagro,TRUE,86.48,https://www.liquorstore-online.com/product_images/p_177438.webp
1921-cream-tequila-750ml,1921 Cream Tequila 750ml,Tequila,tequila,1921 Cream,TRUE,76.49,https://www.liquorstore-online.com/product_images/p_177459.webp
casamigos-tequila-reposado-1-75l,Casamigos Tequila Reposado 1.75L,Tequila,"tequila, reposado",Casamigos,TRUE,146.99,https://www.liquorstore-online.com/product_images/p_177513.webp
don-julio-anejo-tequila-750ml,Don Julio Anejo Tequila 750ml,Tequila,"tequila, anejo",Don Julio,TRUE,113.99,https://www.liquorstore-online.com/product_images/p_177516.webp
casamigos-anejo-tequila-750ml,Casamigos Anejo Tequila 750ml,Tequila,"tequila, anejo",Casamigos,TRUE,108.99,https://www.liquorstore-online.com/product_images/p_177531.webp
baja-luna-liqueur-750ml,Baja Luna Liqueur 750ml,Tequila,tequila,Baja Luna,TRUE,64.48,https://www.liquorstore-online.com/product_images/p_177554.webp
1800-milenio-tequila-extra-anejo-750ml,1800 Milenio Tequila Extra Anejo 750ml,Tequila,"tequila, extra-anejo",1800,TRUE,241.99,https://www.liquorstore-online.com/product_images/p_177568.webp
21-seeds-grapefruit-hibiscus-blanco-tequila-750ml,21 Seeds Grapefruit Hibiscus Blanco Tequila 750ml,Tequila,"tequila, blanco",Barefoot,TRUE,77.48,https://www.liquorstore-online.com/product_images/p_177577.webp
jose-cuervo-especial-silver-tequila-1l,Jose Cuervo Especial Silver Tequila 1L,Tequila,"tequila, blanco",Jose Cuervo,TRUE,76.49,https://www.liquorstore-online.com/product_images/p_177585.webp
tequila-herradura-ultra-anejo-750ml,Tequila Herradura Ultra Anejo 750ml,Tequila,"tequila, anejo",Tequila Herradura,TRUE,116.98,https://www.liquorstore-online.com/product_images/p_177595.webp
casa-dragones-tequila-blanco-750ml,Casa Dragones Tequila Blanco 750ml,Tequila,"tequila, blanco",Casa Dragones,TRUE,129.98,https://www.liquorstore-online.com/product_images/p_177599.webp
el-tesoro-blanco-tequila-750ml,El Tesoro Blanco Tequila 750ml,Tequila,"tequila, blanco",El Tesoro,TRUE,106.98,https://www.liquorstore-online.com/product_images/p_177665.webp
don-julio-blanco-tequila-1-75l,Don Julio Blanco Tequila 1.75L,Tequila,"tequila, blanco",Don Julio,TRUE,143.99,https://www.liquorstore-online.com/product_images/p_177687.webp
tequila-cazadores-anejo-750ml,Tequila CAZADORES Anejo  750ml,Tequila,"tequila, anejo",Cazadores,TRUE,84.48,https://www.liquorstore-online.com/product_images/p_177718.webp
casamigos-reposado-750ml,Casamigos Reposado 750ml,Tequila,"tequila, reposado",Casamigos,TRUE,95.49,https://www.liquorstore-online.com/product_images/p_177746.webp
lunazul-reposado-tequila-750ml,Lunazul Reposado Tequila 750ml,Tequila,"tequila, reposado",Lunazul,TRUE,74.48,https://www.liquorstore-online.com/product_images/p_177750.webp
casamigos-blanco-750ml,Casamigos Blanco 750ml,Tequila,"tequila, blanco",Casamigos,TRUE,89.49,https://www.liquorstore-online.com/product_images/p_177755.webp
21-seeds-tequila-valencia-orange-tequila-750ml,21 Seeds Tequila Valencia Orange Tequila 750ml,Tequila,tequila,Barefoot,TRUE,77.49,https://www.liquorstore-online.com/product_images/p_177771.webp
gran-centenario-leyenda-tequila-extra-anejo-750ml,Gran Centenario Leyenda Tequila Extra Anejo 750ml,Tequila,"tequila, extra-anejo",Gran Centenario,TRUE,200.48,https://www.liquorstore-online.com/product_images/p_177784.webp
jose-cuervo-especial-silver-tequila-750ml,Jose Cuervo Especial Silver Tequila 750ml,Tequila,"tequila, blanco",Jose Cuervo,TRUE,68.49,https://www.liquorstore-online.com/product_images/p_177790.webp
don-julio-1942-anejo-tequila-750ml,Don Julio 1942 Anejo Tequila 750ml,Tequila,"tequila, anejo",Don Julio,TRUE,245.99,https://www.liquorstore-online.com/product_images/p_177791.webp
creyente-espadin-mezcal-joven-750ml,Creyente Espadin Mezcal Joven 750ml,Tequila,"tequila, mezcal",Creyente,TRUE,95.48,https://www.liquorstore-online.com/product_images/p_177794.webp
mezcal-vago-elote-750ml,Mezcal Vago Elote 750ml,Tequila,"tequila, mezcal",Mezcal Vago,TRUE,106.98,https://www.liquorstore-online.com/product_images/p_177796.webp
1800-tequila-reposado-750ml,1800 Tequila Reposado 750ml,Tequila,"tequila, reposado",1800,TRUE,83.49,https://www.liquorstore-online.com/product_images/p_177805.webp
100-anos-tequila-reposado-750ml,100 Anos Tequila Reposado 750ml,Tequila,"tequila, reposado",100 Años,TRUE,67.49,https://www.liquorstore-online.com/product_images/p_177806.webp
montelobos-mezcal-espadin-750ml,Montelobos Mezcal Espadin 750ml,Tequila,"tequila, mezcal",Montelobos,TRUE,88.49,https://www.liquorstore-online.com/product_images/p_177816.webp
hussongs-tequila-anejo-750ml,Hussongs Tequila Anejo 750ml,Tequila,"tequila, anejo",Hussongs Tequila,TRUE,112.98,https://www.liquorstore-online.com/product_images/p_177831.webp
siempre-tequila-reposado-750ml,Siempre Tequila Reposado 750ml,Tequila,"tequila, reposado",Siempre Tequila,TRUE,91.48,https://www.liquorstore-online.com/product_images/p_177833.webp
asombroso-silver-750ml,Asombroso Silver 750ml,Tequila,"tequila, blanco",AsomBroso Silver,TRUE,90.48,https://www.liquorstore-online.com/product_images/p_177853.webp
gran-centenario-anejo-tequila-750ml,Gran Centenario Anejo Tequila 750ml,Tequila,"tequila, anejo",Gran Centenario,TRUE,88.49,https://www.liquorstore-online.com/product_images/p_177877.webp
don-julio-reposado-tequila-1-75l,Don Julio Reposado Tequila 1.75L,Tequila,"tequila, reposado",Don Julio,TRUE,153.99,https://www.liquorstore-online.com/product_images/p_177879.webp
on-the-rocks-jalapeno-pineapple-margarita-375ml,On The Rocks Jalapeno Pineapple Margarita 375ml,Tequila,tequila,On The Rocks,TRUE,59.49,https://www.liquorstore-online.com/product_images/p_177887.webp
baluarte-tequila-resposado-750ml,Baluarte Tequila Resposado 750ml,Tequila,tequila,Baluarte Tequila,TRUE,107.98,https://www.liquorstore-online.com/product_images/p_177948.webp
dulce-vida-reposado-tequila-100-proof-organic-750ml,Dulce Vida Reposado Tequila 100 Proof Organic 750ml,Tequila,"tequila, reposado",Dulce Vida,TRUE,86.49,https://www.liquorstore-online.com/product_images/p_177959.webp
almendrado-orendain-liqueur-750ml,Almendrado Orendain Liqueur 750ml,Tequila,tequila,Almendrado Orendain,TRUE,71.49,https://www.liquorstore-online.com/product_images/p_177960.png
partida-tequila-reposado-750ml,Partida Tequila Reposado 750ml,Tequila,"tequila, reposado",Partida,TRUE,93.49,https://www.liquorstore-online.com/product_images/p_177972.webp
banhez-mezcal-joven-espadin-barril-1l,Banhez Mezcal Joven Espadin & Barril 1L,Tequila,"tequila, mezcal",Banhez Mezcal,TRUE,87.48,https://www.liquorstore-online.com/product_images/p_177976.webp
don-julio-70-cristalino-anejo-tequila-750ml,Don Julio 70 Cristalino Anejo Tequila 750ml,Tequila,"tequila, anejo",Don Julio,TRUE,123.99,https://www.liquorstore-online.com/product_images/p_177986.webp
los-amantes-mezcal-artesanal-reposado-750ml,Los Amantes Mezcal Artesanal Reposado 750ml,Tequila,"tequila, mezcal, reposado",Los Amantes,TRUE,111.98,https://www.liquorstore-online.com/product_images/p_178004.webp
casamigos-blanco-tequila-1-75l,Casamigos Blanco Tequila 1.75L,Tequila,"tequila, blanco",Casamigos,TRUE,141.99,https://www.liquorstore-online.com/product_images/p_178010.webp
riazul-tequila-anejo-750ml,Riazul Tequila Anejo 750ml,Tequila,"tequila, anejo",Riazul,TRUE,130.98,https://www.liquorstore-online.com/product_images/p_178017.webp
don-julio-anejo-tequila-1-75l,Don Julio Anejo Tequila 1.75L,Tequila,"tequila, anejo",Don Julio,TRUE,172.49,https://www.liquorstore-online.com/product_images/p_178049.webp
teremana-blanco-tequila-1l,Teremana Blanco Tequila 1L,Tequila,"tequila, blanco",Teremana Tequila,TRUE,82.48,https://www.liquorstore-online.com/product_images/p_178082.webp
familia-camarena-tequila-reposado-1-75l,Familia Camarena Tequila Reposado 1.75L,Tequila,"tequila, reposado",Familia Camarena,TRUE,116.99,https://www.liquorstore-online.com/product_images/p_178111.webp
espolon-tequila-blanco-750ml,Espolon Tequila Blanco 750ml,Tequila,"tequila, blanco",Espolon,TRUE,82.49,https://www.liquorstore-online.com/product_images/p_178126.webp
clase-azul-tequila-ultra-5yr-extra-anejo-750ml,Clase Azul Tequila Ultra 5yr Extra Anejo 750ml,Tequila,"tequila, extra-anejo",Clase Azul,TRUE,2403.99,https://www.liquorstore-online.com/product_images/p_178173.webp
gracias-a-dios-mezcal-espadin-750ml,Gracias A Dios Mezcal Espadin 750ml,Tequila,"tequila, mezcal",Gracias A,TRUE,91.48,https://www.liquorstore-online.com/product_images/p_178182.webp
komos-anejo-cristalino-tequila-750ml,Komos Anejo Cristalino Tequila 750ml,Tequila,"tequila, anejo",komos,TRUE,189.49,https://www.liquorstore-online.com/product_images/p_178188.webp
tanteo-tequila-infused-with-habanero-peppers-750ml,Tanteo Tequila Infused With Habanero Peppers 750ml,Tequila,tequila,Tanteo Teq,TRUE,87.48,https://www.liquorstore-online.com/product_images/p_178196.webp
el-buho-mezcal-750ml,El Buho Mezcal 750ml,Tequila,"tequila, mezcal",El Buho,TRUE,91.49,https://www.liquorstore-online.com/product_images/p_178253.webp
clase-azul-mezcal-joven-guerrero-750ml,Clase Azul Mezcal Joven Guerrero 750ml,Tequila,"tequila, mezcal",Clase Azul,TRUE,477.99,https://www.liquorstore-online.com/product_images/p_178268.webp
1800-tequila-blanco-750ml,1800 Tequila Blanco 750ml,Tequila,"tequila, blanco",1800,TRUE,81.49,https://www.liquorstore-online.com/product_images/p_178278.webp
libelula-joven-tequila-750ml,Libelula Joven Tequila 750ml,Tequila,tequila,Libelula Tequila,TRUE,76.48,https://www.liquorstore-online.com/product_images/p_178310.webp
corzo-reposado-tequila-750ml,Corzo Reposado Tequila 750ml,Tequila,"tequila, reposado",Corzo,TRUE,109.99,https://www.liquorstore-online.com/product_images/p_178318.webp
monte-alban-mezcal-con-gusano-750ml,Monte Alban Mezcal Con Gusano 750ml,Tequila,"tequila, mezcal",Monte Alban,TRUE,71.49,https://www.liquorstore-online.com/product_images/p_178363.webp
clase-azul-plata-tequila-750ml,Clase Azul Plata Tequila 750ml,Tequila,"tequila, blanco",Clase Azul,TRUE,209.49,https://www.liquorstore-online.com/product_images/p_178414.webp
patron-silver-tequila-750ml,Patron Silver Tequila 750ml,Tequila,"tequila, blanco",Patron,TRUE,86.49,https://www.liquorstore-online.com/product_images/p_178457.webp
teremana-reposado-tequila-750ml,Teremana Reposado Tequila 750ml,Tequila,"tequila, reposado",Teremana,TRUE,83.49,https://www.liquorstore-online.com/product_images/p_178479.webp
el-tesoro-reposado-tequila-750ml,El Tesoro Reposado Tequila 750ml,Tequila,"tequila, reposado",El Tesoro,TRUE,123.99,https://www.liquorstore-online.com/product_images/p_178487.webp
cabo-wabo-tequila-reposado-750ml,Cabo Wabo Tequila Reposado 750ml,Tequila,"tequila, reposado",Cabo Wabo,TRUE,87.49,https://www.liquorstore-online.com/product_images/p_178584.webp
exotico-reposado-tequila-1l,Exotico Reposado Tequila 1L,Tequila,"tequila, reposado",Exotico Reposado,TRUE,70.48,https://www.liquorstore-online.com/product_images/p_178593.webp
mezcal-vago-espadin-750ml,Mezcal Vago Espadin 750ml,Tequila,"tequila, mezcal",Mezcal Vago,TRUE,106.99,https://www.liquorstore-online.com/product_images/p_178596.webp
exotico-blanco-tequila-1l,Exotico Blanco Tequila 1L,Tequila,"tequila, blanco",Exotico Blanco,TRUE,69.49,https://www.liquorstore-online.com/product_images/p_178611.webp
gran-patron-platinum-silver-tequila-750ml,Gran Patron Platinum Silver Tequila 750ml,Tequila,"tequila, blanco",Patron,TRUE,265.98,https://www.liquorstore-online.com/product_images/p_178620.webp
yave-blanco-tequila-750ml,Yave Blanco Tequila 750ml,Tequila,"tequila, blanco",YAVE,TRUE,88.43,https://www.liquorstore-online.com/product_images/p_178765.webp
grand-mayan-tequila-extra-anejo-750ml,Grand Mayan Tequila Extra Anejo 750ml,Tequila,"tequila, extra-anejo",Grand Mayan,TRUE,169.49,https://www.liquorstore-online.com/product_images/p_178767.webp
xicaru-anejo-mezcal-750ml,Xicaru Anejo Mezcal 750ml,Tequila,"tequila, mezcal, anejo",Xicaru,TRUE,91.48,https://www.liquorstore-online.com/product_images/p_178774.webp
corzo-anejo-tequila-750ml,Corzo Anejo Tequila 750ml,Tequila,"tequila, anejo",Corzo,TRUE,116.98,https://www.liquorstore-online.com/product_images/p_178777.webp
1800-anejo-tequila-70cl-38-abv-includes-branded-glass,1800 - Anejo Tequila 70cl 38% ABV (Includes Branded Glass),Tequila,"tequila, anejo",1800,TRUE,197.99,https://www.liquorstore-online.com/product_images/p_179683.webp
volcan-de-mi-tierra-cristalino-tequila-70cl-40-abv,Volcan De Mi Tierra - Cristalino Tequila 70cl 40% ABV,Tequila,"tequila, blanco",Volcan de mi Tierra,TRUE,210.99,https://www.liquorstore-online.com/product_images/p_179720.webp
herradura-port-cask-finish-reposado-tequila-70cl-40-abv,Herradura - Port Cask Finish Reposado Tequila 70cl 40% ABV,Tequila,"tequila, reposado",Herradura,TRUE,257.99,https://www.liquorstore-online.com/product_images/p_179747.webp
1800-daniel-cordas-limited-edition-silver-tequila-70cl-38-abv-includes-branded-glass,1800 - Daniel Cordas Limited Edition Silver Tequila 70cl 38% ABV (Includes Branded Glass),Tequila,"tequila, blanco",1800,TRUE,179.99,https://www.liquorstore-online.com/product_images/p_179759.webp
jose-cuervo-reserva-de-la-familia-gonzalo-lebrija-2020-edition-extra-anejo-tequila-70cl-38-abv,Jose Cuervo - Reserva De La Familia - Gonzalo Lebrija 2020 Edition Extra Anejo Tequila 70cl 38% ABV,Tequila,"tequila, extra-anejo",Jose Cuervo,TRUE,691.99,https://www.liquorstore-online.com/product_images/p_179761.webp
los-siete-misterios-doba-yej-mezcal-70cl-44-abv,Los Siete Misterios - Doba Yej Mezcal 70cl 44% ABV,Tequila,"tequila, mezcal",Los Siete Misterios,TRUE,188.99,https://www.liquorstore-online.com/product_images/p_179778.webp
1800-coconut-infused-tequila-70cl-35-abv-includes-branded-glass,1800 - Coconut Infused Tequila 70cl 35% ABV (Includes Branded Glass),Tequila,tequila,1800,TRUE,178.99,https://www.liquorstore-online.com/product_images/p_179876.webp
1800-silver-tequila-70cl-38-abv-includes-branded-glass,1800 - Silver Tequila 70cl 38% ABV (Includes Branded Glass),Tequila,"tequila, blanco",1800,TRUE,174.99,https://www.liquorstore-online.com/product_images/p_179997.webp
casa-dragones-anejo-barrel-blend-tequila-70cl-40-abv,Casa Dragones - Anejo Barrel Blend Tequila 70cl 40% ABV,Tequila,"tequila, anejo",Casa Dragones,TRUE,522.99,https://www.liquorstore-online.com/product_images/p_180026.webp
maestro-dobel-blanco-tequila-750ml,Maestro Dobel Blanco Tequila 750ml,Tequila,"tequila, blanco",Maestro Dobel,TRUE,94.49,https://www.liquorstore-online.com/product_images/p_180191.webp
jose-cuervo-especial-gold-tequila-200ml,Jose Cuervo Especial Gold Tequila 200ml,Tequila,tequila,Jose Cuervo,TRUE,54.49,https://www.liquorstore-online.com/product_images/p_180336.webp
don-julio-reposado-tequila-750ml,Don Julio Reposado Tequila 750ml,Tequila,"tequila, reposado",Don Julio,TRUE,96.48,https://www.liquorstore-online.com/product_images/p_180579.webp
jose-cuervo-authentic-margarita-classic-lime-ready-to-drink-cocktail-1-75l,Jose Cuervo Authentic Margarita Classic Lime Ready to Drink Cocktail 1.75L,Tequila,tequila,Jose Cuervo,TRUE,65.49,https://www.liquorstore-online.com/product_images/p_180598.webp
espolon-tequila-blanco-1l,Espolon Tequila Blanco 1L,Tequila,"tequila, blanco",Espolon,TRUE,79.49,https://www.liquorstore-online.com/product_images/p_180600.webp
clase-azul-anejo-tequila-750ml,Clase Azul Anejo Tequila 750ml,Tequila,"tequila, anejo",Clase Azul,TRUE,643.98,https://www.liquorstore-online.com/product_images/p_180628.webp
reserva-de-la-familia-by-jose-cuervo-platino-tequila-blanco-750ml,Reserva de la Familia by Jose Cuervo Platino Tequila Blanco 750ml,Tequila,"tequila, blanco",Reserva De La Familia® By Jose Cuervo,TRUE,111.99,https://www.liquorstore-online.com/product_images/p_180742.webp
tequila-cazadores-reposado-750ml,Tequila CAZADORES Reposado  750ml,Tequila,"tequila, reposado",Cazadores,TRUE,75.49,https://www.liquorstore-online.com/product_images/p_180747.webp
chamucos-tequila-blanco-750ml,Chamucos Tequila Blanco 750ml,Tequila,"tequila, blanco",Chamucos Tequila,TRUE,106.98,https://www.liquorstore-online.com/product_images/p_180753.webp
kah-tequila-anejo-750ml,KAH Tequila Anejo 750ml,Tequila,"tequila, anejo",Kah Tequila,TRUE,121.97,https://www.liquorstore-online.com/product_images/p_180770.webp
chamucos-tequila-especial-anejo-80-375ml,Chamucos Tequila Especial Anejo 80 375ml,Tequila,"tequila, anejo",Chamucos Tequila,TRUE,76.49,https://www.liquorstore-online.com/product_images/p_180776.webp
teremana-reposado-tequila-1l,Teremana Reposado Tequila 1L,Tequila,"tequila, reposado",Teremana Reposado,TRUE,82.49,https://www.liquorstore-online.com/product_images/p_180792.webp
partida-tequila-anejo-750ml,Partida Tequila Anejo 750ml,Tequila,"tequila, anejo",Partida,TRUE,106.99,https://www.liquorstore-online.com/product_images/p_181057.webp
ilegal-mezcal-joven-375ml,Ilegal Mezcal Joven 375ml,Tequila,"tequila, mezcal",Ilegal Mezcal,TRUE,68.19,https://www.liquorstore-online.com/product_images/p_181075.webp
reserva-de-la-familia-by-jose-cuervo-extra-anejo-tequila-750ml,Reserva de la Familia by Jose Cuervo Extra Anejo Tequila 750ml,Tequila,"tequila, extra-anejo",Reserva De La Familia® By Jose Cuervo,TRUE,245.99,https://www.liquorstore-online.com/product_images/p_181086.webp
ilegal-mezcal-anejo-750ml,Ilegal Mezcal Anejo 750ml,Tequila,"tequila, mezcal, anejo",Ilegal Mezcal,TRUE,109.98,https://www.liquorstore-online.com/product_images/p_181136.webp
clase-azul-durango-mezcal-750ml,Clase Azul Durango Mezcal 750ml,Tequila,"tequila, mezcal",Clase Azul,TRUE,477.99,https://www.liquorstore-online.com/product_images/p_181144.webp
don-julio-blanco-tequila-375ml,Don Julio Blanco Tequila 375ml,Tequila,"tequila, blanco",Don Julio,TRUE,69.49,https://www.liquorstore-online.com/product_images/p_181146.webp
gran-centenario-reposado-tequila-750ml,Gran Centenario Reposado Tequila 750ml,Tequila,"tequila, reposado",Gran Centenario,TRUE,80.48,https://www.liquorstore-online.com/product_images/p_181157.webp
texano-boots-tequila-gold-750ml,Texano Boots Tequila Gold 750ml,Tequila,tequila,Texano Cowboy,TRUE,123.98,https://www.liquorstore-online.com/product_images/p_181179.webp
don-julio-1942-anejo-tequila-1-75l,Don Julio 1942 Anejo Tequila 1.75L,Tequila,"tequila, anejo",Don Julio,TRUE,467.99,https://www.liquorstore-online.com/product_images/p_181187.webp
olmeca-altos-plata-tequila-750ml,Olmeca Altos Plata Tequila 750ml,Tequila,"tequila, blanco",Olmeca Altos,TRUE,84.49,https://www.liquorstore-online.com/product_images/p_181193.webp
los-amantes-mezcal-anejo-750ml,Los Amantes Mezcal Anejo 750ml,Tequila,"tequila, mezcal, anejo",Los Amantes,TRUE,124.99,https://www.liquorstore-online.com/product_images/p_181206.webp
1800-the-ultimate-margarita-mango-ready-to-drink-cocktail-1-75l,1800 The Ultimate Margarita Mango Ready to Drink Cocktail 1.75L,Tequila,tequila,1800,TRUE,71.49,https://www.liquorstore-online.com/product_images/p_181210.webp
milagro-select-barrel-reserve-anejo-tequila-750ml,Milagro Select Barrel Reserve Anejo Tequila 750ml,Tequila,"tequila, anejo",Milagro,TRUE,84.48,https://www.liquorstore-online.com/product_images/p_181322.webp
milagro-select-barrel-reserve-silver-tequila-750ml,Milagro Select Barrel Reserve Silver Tequila 750ml,Tequila,"tequila, blanco",Milagro,TRUE,93.49,https://www.liquorstore-online.com/product_images/p_181369.webp
hornitos-plata-tequila-1-75l,Hornitos Plata Tequila 1.75L,Tequila,"tequila, blanco",Hornitos,TRUE,108.99,https://www.liquorstore-online.com/product_images/p_181452.webp
1800-tequila-cristalino-1-75l,1800 Tequila Cristalino 1.75L,Tequila,"tequila, blanco",1800,TRUE,177.49,https://www.liquorstore-online.com/product_images/p_181457.webp
montezuma-silver-tequila-1l,Montezuma Silver Tequila 1L,Tequila,"tequila, blanco",Montezuma Silver,TRUE,58.48,https://www.liquorstore-online.com/product_images/p_181477.webp
sauza-tres-generaciones-reposado-tequila-750ml,Sauza Tres Generaciones Reposado Tequila 750ml,Tequila,"tequila, reposado",Sauza,TRUE,91.48,https://www.liquorstore-online.com/product_images/p_181500.webp
bribon-tequila-blanco-750ml,Bribon Tequila Blanco 750ml,Tequila,"tequila, blanco",Bribon Tequila,TRUE,72.48,https://www.liquorstore-online.com/product_images/p_181511.webp
tequila-cazadores-reposado-1-75l,Tequila CAZADORES Reposado  1.75L,Tequila,"tequila, reposado",Cazadores,TRUE,92.49,https://www.liquorstore-online.com/product_images/p_181578.webp
deleon-reposado-750ml,Deleon Reposado 750ml,Tequila,"tequila, reposado",Deleon,TRUE,79.48,https://www.liquorstore-online.com/product_images/p_181586.webp
casa-del-sol-anejo-750ml,Casa Del Sol Anejo 750ml,Tequila,"tequila, anejo",Casa Del Sol,TRUE,143.93,https://www.liquorstore-online.com/product_images/p_181596.webp
1800-tequila-cristalino-750ml,1800 Tequila Cristalino 750ml,Tequila,"tequila, blanco",1800,TRUE,109.98,https://www.liquorstore-online.com/product_images/p_181603.webp
tequila-cazadores-extra-anejo-750ml,Tequila CAZADORES Extra Anejo 750ml,Tequila,"tequila, extra-anejo",Cazadores,TRUE,107.99,https://www.liquorstore-online.com/product_images/p_181611.webp
casa-del-sol-tequila-blanco-750ml,Casa Del Sol Tequila Blanco 750ml,Tequila,"tequila, blanco",Casa Del Sol,TRUE,108.98,https://www.liquorstore-online.com/product_images/p_181618.webp
casa-del-sol-tequila-reposado-750ml,Casa Del Sol Tequila Reposado 750ml,Tequila,"tequila, reposado",Casa Del Sol,TRUE,116.98,https://www.liquorstore-online.com/product_images/p_181651.webp
1800-silver-1l,1800 Silver 1L,Tequila,"tequila, blanco",1800 Silver,TRUE,85.49,https://www.liquorstore-online.com/product_images/p_181694.webp
patron-silver-tequila-200ml,Patron Silver Tequila 200ml,Tequila,"tequila, blanco",Patron,TRUE,65.49,https://www.liquorstore-online.com/product_images/p_181721.webp
hornitos-anejo-tequila-750ml,Hornitos Anejo Tequila 750ml,Tequila,"tequila, anejo",Hornitos,TRUE,79.49,https://www.liquorstore-online.com/product_images/p_181736.webp
el-tesoro-de-don-felipe-paradiso-anejo-tequila-750ml,El Tesoro de Don Felipe Paradiso Anejo Tequila 750ml,Tequila,"tequila, anejo",El Tesoro,TRUE,267.99,https://www.liquorstore-online.com/product_images/p_181741.webp
chamucos-reposado-tequila-750ml,Chamucos Reposado Tequila 750ml,Tequila,"tequila, reposado",Chamucos Reposado,TRUE,105.99,https://www.liquorstore-online.com/product_images/p_181745.webp
cabo-wabo-tequila-anejo-750ml,Cabo Wabo Tequila Anejo 750ml,Tequila,"tequila, anejo",Cabo Wabo,TRUE,87.49,https://www.liquorstore-online.com/product_images/p_181802.webp
jose-cuervo-tradicional-cristalino-tequila-750ml,Jose Cuervo Tradicional Cristalino Tequila 750ml,Tequila,"tequila, blanco",Jose Cuervo,TRUE,81.49,https://www.liquorstore-online.com/product_images/p_181828.webp
milagro-silver-tequila-1-75l,Milagro Silver Tequila 1.75L,Tequila,"tequila, blanco",Milagro,TRUE,106.98,https://www.liquorstore-online.com/product_images/p_181833.webp
tequila-cazadores-blanco-750ml,Tequila CAZADORES Blanco  750ml,Tequila,"tequila, blanco",Cazadores,TRUE,75.49,https://www.liquorstore-online.com/product_images/p_181851.webp
lunazul-blanco-tequila-1-75l,Lunazul Blanco Tequila 1.75L,Tequila,"tequila, blanco",Lunazul,TRUE,108.99,https://www.liquorstore-online.com/product_images/p_181873.webp
1800-anejo-tequila-750ml,1800 Anejo Tequila 750ml,Tequila,"tequila, anejo",1800 Tequila,TRUE,89.48,https://www.liquorstore-online.com/product_images/p_182028.webp
prospero-blanco-tequila-750ml,Prospero Blanco Tequila 750ml,Tequila,"tequila, blanco",Prospero Blanco,TRUE,85.49,https://www.liquorstore-online.com/product_images/p_182094.webp
milagro-silver-tequila-750ml,Milagro Silver Tequila 750ml,Tequila,"tequila, blanco",Milagro,TRUE,84.48,https://www.liquorstore-online.com/product_images/p_182096.webp
ghost-blanco-spicy-tequila-750ml,Ghost Blanco Spicy Tequila 750ml,Tequila,"tequila, blanco",Ghost Blanco,TRUE,80.49,https://www.liquorstore-online.com/product_images/p_182106.webp
familia-camarena-tequila-silver-200ml,Familia Camarena Tequila Silver 200ml,Tequila,"tequila, blanco",Familia Camarena,TRUE,53.49,https://www.liquorstore-online.com/product_images/p_182119.webp
el-mayor-reposado-tequila-750ml,El Mayor Reposado Tequila 750ml,Tequila,"tequila, reposado",El Mayor,TRUE,78.49,https://www.liquorstore-online.com/product_images/p_182144.webp
ilegal-mezcal-joven-750ml,Ilegal Mezcal Joven 750ml,Tequila,"tequila, mezcal",Ilegal Mezcal,TRUE,84.49,https://www.liquorstore-online.com/product_images/p_182158.webp
avion-silver-tequila-750ml,Avion Silver Tequila 750ml,Tequila,"tequila, blanco",Avion,TRUE,96.48,https://www.liquorstore-online.com/product_images/p_182159.webp
hornitos-reposado-tequila-200ml,Hornitos Reposado Tequila 200ml,Tequila,"tequila, reposado",Sauza,TRUE,56.49,https://www.liquorstore-online.com/product_images/p_182175.webp
tanteo-jalapeno-infused-tequila-750ml,Tanteo Jalapeno Infused Tequila 750ml,Tequila,tequila,Tanteo Jalapeno,TRUE,84.49,https://www.liquorstore-online.com/product_images/p_182193.webp
pueblo-viejo-blanco-750ml,Pueblo Viejo Blanco 750ml,Tequila,"tequila, blanco",Pueblo Viejo,TRUE,69.49,https://www.liquorstore-online.com/product_images/p_182241.webp
sauza-silver-tequila-1l,Sauza Silver Tequila 1L,Tequila,"tequila, blanco",Sauza,TRUE,72.49,https://www.liquorstore-online.com/product_images/p_182285.webp
1800-tequila-coconut-375ml,1800 Tequila Coconut 375ml,Tequila,tequila,1800,TRUE,64.49,https://www.liquorstore-online.com/product_images/p_182290.webp
avion-tequila-silver-1-75l,Avion Tequila Silver 1.75L,Tequila,"tequila, blanco",Avion,TRUE,141.99,https://www.liquorstore-online.com/product_images/p_182321.webp
ilegal-mezcal-reposado-375ml,Ilegal Mezcal Reposado 375ml,Tequila,"tequila, mezcal, reposado",Ilegal Mezcal,TRUE,76.89,https://www.liquorstore-online.com/product_images/p_182360.webp
avion-tequila-reserva-44-750ml,Avion Tequila Reserva 44 750ml,Tequila,tequila,Avion,TRUE,147.98,https://www.liquorstore-online.com/product_images/p_182364.webp
partida-tequila-elegante-anejo-750ml,Partida Tequila Elegante Anejo  750ml,Tequila,"tequila, anejo",Tequila Partida,TRUE,456.99,https://www.liquorstore-online.com/product_images/p_183110.webp
tequila-herradura-legend-750ml,Tequila Herradura Legend 750ml,Tequila,tequila,Tequila Herradura,TRUE,153.98,https://www.liquorstore-online.com/product_images/p_183112.webp
el-mayor-single-estate-blanco-750ml,El Mayor Single Estate Blanco 750ml,Tequila,"tequila, blanco",El Mayor,TRUE,79.49,https://www.liquorstore-online.com/product_images/p_183115.webp
casamigos-mezcal-joven-1l,Casamigos Mezcal Joven 1L,Tequila,"tequila, mezcal",Casamigos,TRUE,123.99,https://www.liquorstore-online.com/product_images/p_183124.webp
sauza-conmemorativo-anejo-tequila-750ml,Sauza Conmemorativo Anejo Tequila 750ml,Tequila,"tequila, anejo",Sauza Conmemorativo,TRUE,72.48,https://www.liquorstore-online.com/product_images/p_183128.webp
casa-dragones-joven-personalized-750ml,Casa Dragones Joven Personalized 750ml,Tequila,tequila,Tequila Casa Dragones,TRUE,437.99,https://www.liquorstore-online.com/product_images/p_183273.webp
el-tesoro-extra-anejo-tequila-750ml,El Tesoro Extra Anejo Tequila 750ml,Tequila,"tequila, extra-anejo",El Tesoro,TRUE,235.99,https://www.liquorstore-online.com/product_images/p_183276.webp
gran-patron-platinum-silver-tequila-375ml,Gran Patron Platinum Silver Tequila 375ml,Tequila,"tequila, blanco",Patron,TRUE,150.99,https://www.liquorstore-online.com/product_images/p_183279.webp
el-mayor-anejo-tequila-750ml,El Mayor Anejo Tequila 750ml,Tequila,"tequila, anejo",El Mayor,TRUE,84.49,https://www.liquorstore-online.com/product_images/p_183318.webp
kah-blanco-tequila-750ml,KAH Blanco Tequila 750ml,Tequila,"tequila, blanco",KAH Blanco,TRUE,96.43,https://www.liquorstore-online.com/product_images/p_183358.webp
milagro-anejo-tequila-750ml,Milagro Anejo Tequila 750ml,Tequila,"tequila, anejo",Milagro,TRUE,94.48,https://www.liquorstore-online.com/product_images/p_183374.webp
xicaru-reposado-mezcal-750ml,Xicaru Reposado Mezcal 750ml,Tequila,"tequila, mezcal, reposado",Xicaru,TRUE,81.48,https://www.liquorstore-online.com/product_images/p_183387.webp
kah-tequila-reposado-750ml,KAH Tequila Reposado 750ml,Tequila,"tequila, reposado",Kah Tequila,TRUE,112.98,https://www.liquorstore-online.com/product_images/p_183388.webp
jose-cuervo-gold-tequila-1l,Jose Cuervo Gold Tequila 1L,Tequila,tequila,Jose Cuervo,TRUE,75.49,https://www.liquorstore-online.com/product_images/p_183418.webp
tanteo-infused-with-chipotle-peppers-750ml,Tanteo Infused With Chipotle Peppers 750ml,Tequila,tequila,Tanteo Infused,TRUE,87.49,https://www.liquorstore-online.com/product_images/p_183460.webp
pierde-almas-la-puritita-verda-mezcal-joven-750ml,Pierde Almas La Puritita Verda Mezcal Joven 750ml,Tequila,"tequila, mezcal",Pierde Almas,TRUE,84.49,https://www.liquorstore-online.com/product_images/p_183520.webp
paladar-tequila-blanco-750ml,Paladar Tequila Blanco 750ml,Tequila,"tequila, blanco",Paladar Tequila,TRUE,95.49,https://www.liquorstore-online.com/product_images/p_183597.webp
gran-centenario-anejo-tequila-1-75l,Gran Centenario Anejo Tequila 1.75L,Tequila,"tequila, anejo",Gran Centenario,TRUE,139.99,https://www.liquorstore-online.com/product_images/p_183613.webp
hotel-california-tequila-blanco-750ml,Hotel California Tequila Blanco 750ml,Tequila,"tequila, blanco",Hotel California,TRUE,90.48,https://www.liquorstore-online.com/product_images/p_183738.webp
baja-rosa-liqueur-750ml,Baja Rosa Liqueur 750ml,Tequila,tequila,Southern Comfort,TRUE,65.48,https://www.liquorstore-online.com/product_images/p_183761.webp
corralejo-triple-distilled-reposado-750ml,Corralejo Triple Distilled Reposado 750ml,Tequila,"tequila, reposado",Corralejo,TRUE,90.49,https://www.liquorstore-online.com/product_images/p_183803.webp
familia-camarena-tequila-reposado-750ml,Familia Camarena Tequila Reposado 750ml,Tequila,"tequila, reposado",Familia Camarena,TRUE,81.49,https://www.liquorstore-online.com/product_images/p_183866.webp
cincoro-anejo-1-75l,Cincoro Anejo 1.75L,Tequila,"tequila, anejo",Cincoro Tequila,TRUE,425.99,https://www.liquorstore-online.com/product_images/p_183934.webp
juarez-tequila-silver-750ml,Juarez Tequila Silver 750ml,Tequila,"tequila, blanco",Juarez Tequila,TRUE,61.48,https://www.liquorstore-online.com/product_images/p_183980.webp
pueblo-viejo-anejo-tequila-750ml,Pueblo Viejo Anejo Tequila 750ml,Tequila,"tequila, anejo",Pueblo Viejo,TRUE,84.49,https://www.liquorstore-online.com/product_images/p_183995.webp
exotico-reposado-tequila-1-75l,Exotico Reposado Tequila 1.75L,Tequila,"tequila, reposado",Exotico Reposado,TRUE,92.49,https://www.liquorstore-online.com/product_images/p_184037.webp
corralejo-reposado-tequila-1-75l,Corralejo Reposado Tequila 1.75L,Tequila,"tequila, reposado",Corralejo,TRUE,117.99,https://www.liquorstore-online.com/product_images/p_184045.webp
tijuana-silver-1-75l,Tijuana Silver 1.75L,Tequila,"tequila, blanco",Tijuana Silver,TRUE,68.49,https://www.liquorstore-online.com/product_images/p_184080.webp
tequila-rose-strawberry-cream-1l,Tequila Rose Strawberry Cream 1L,Tequila,tequila,Tequila Rose,TRUE,81.48,https://www.liquorstore-online.com/product_images/p_184095.webp
100-anos-tequila-blanco-750ml,100 Anos Tequila Blanco 750ml,Tequila,"tequila, blanco",100 Anos,TRUE,67.48,https://www.liquorstore-online.com/product_images/p_184118.webp
tequila-pueblo-viejo-reposado-750ml,Tequila Pueblo Viejo Reposado 750ml,Tequila,"tequila, reposado",Tequila Pueblo,TRUE,71.49,https://www.liquorstore-online.com/product_images/p_184142.webp
tesoro-mio-blanco-1l,Tesoro Mio Blanco 1L,Tequila,"tequila, blanco",Tesoro Mio,TRUE,65.49,https://www.liquorstore-online.com/product_images/p_184170.webp
el-tesoro-anejo-tequila-750ml,El Tesoro Anejo Tequila 750ml,Tequila,"tequila, anejo",El Tesoro,TRUE,116.98,https://www.liquorstore-online.com/product_images/p_184173.webp
tesoro-mio-reposado-1l,Tesoro Mio Reposado 1L,Tequila,"tequila, reposado",Tesoro Azul,TRUE,65.49,https://www.liquorstore-online.com/product_images/p_184188.webp
familia-camarena-tequila-reposado-375ml,Familia Camarena Tequila Reposado 375ml,Tequila,"tequila, reposado",Familia Camarena,TRUE,59.49,https://www.liquorstore-online.com/product_images/p_184220.webp
banhez-espadin-mezcal-750ml,Banhez Espadin Mezcal 750ml,Tequila,"tequila, mezcal",Banhez Mezcal,TRUE,81.49,https://www.liquorstore-online.com/product_images/p_184350.webp
montezuma-gold-tequila-1l,Montezuma Gold Tequila 1L,Tequila,tequila,Montezuma Gold,TRUE,59.49,https://www.liquorstore-online.com/product_images/p_184362.webp
burrito-fiestero-mezcal-artesanal-750ml,Burrito Fiestero Mezcal Artesanal 750ml,Tequila,"tequila, mezcal",Burrito Fiestero,TRUE,107.99,https://www.liquorstore-online.com/product_images/p_184371.png
hornitos-reposado-tequila-750ml,Hornitos Reposado Tequila 750ml,Tequila,"tequila, reposado",Hornitos,TRUE,77.49,https://www.liquorstore-online.com/product_images/p_184373.webp
husson-s-silver-tequila-750ml,Husson's Silver Tequila 750ml,Tequila,"tequila, blanco",Husson's Silver,TRUE,87.49,https://www.liquorstore-online.com/product_images/p_184425.webp
pasote-blanco-750ml,Pasote Blanco 750ml,Tequila,"tequila, blanco",Pasote Blanco,TRUE,86.48,https://www.liquorstore-online.com/product_images/p_184432.webp
margaritaville-silver-tequila-1-75l,Margaritaville Silver Tequila 1.75L,Tequila,"tequila, blanco",Margaritaville,TRUE,83.48,https://www.liquorstore-online.com/product_images/p_184438.webp
lunazul-blanco-tequila-750ml,Lunazul Blanco Tequila 750ml,Tequila,"tequila, blanco",Lunazul,TRUE,72.49,https://www.liquorstore-online.com/product_images/p_184453.webp
aldez-anejo-organic-tequila-750ml,Aldez Anejo Organic Tequila 750ml,Tequila,"tequila, anejo",Aldez Tequila,TRUE,120.99,https://www.liquorstore-online.com/product_images/p_184454.webp
libelula-tequila-100-de-agave-azul-joven-375ml,Libelula Tequila 100 De Agave Azul Joven 375ml,Tequila,tequila,Libelula Tequila,TRUE,62.49,https://www.liquorstore-online.com/product_images/p_184466.webp
lunazul-anejo-tequila-750ml,Lunazul Anejo Tequila 750ml,Tequila,"tequila, anejo",Lunazul,TRUE,79.49,https://www.liquorstore-online.com/product_images/p_184489.webp
1800-tequila-coconut-750ml,1800 Tequila Coconut 750ml,Tequila,tequila,1800,TRUE,81.49,https://www.liquorstore-online.com/product_images/p_184513.webp
1800-tequila-coconut-200ml,1800 Tequila Coconut 200ml,Tequila,tequila,1800,TRUE,55.49,https://www.liquorstore-online.com/product_images/p_184514.webp
jose-cuervo-reserva-de-la-familia-gonzalo-lebrija-2020-edition-anejo-tequila-70cl-38-abv-unboxed,Jose Cuervo - Reserva De La Familia - Gonzalo Lebrija 2020 Edition Anejo Tequila 70cl 38% ABV (Unboxed),Tequila,"tequila, anejo",Jose Cuervo,TRUE,362.99,https://www.liquorstore-online.com/product_images/p_184534.jpg
cenote-tequila-anejo-750ml,Cenote Tequila Anejo 750ml,Tequila,"tequila, anejo",Cenote Tequila,TRUE,113.98,https://www.liquorstore-online.com/product_images/p_184636.webp
rodeo-hat-tequila-gold-cowboy-hat-1-liter-1l,Rodeo Hat Tequila Gold Cowboy Hat 1 Liter 1L,Tequila,tequila,Rodeo Cowboy,TRUE,140.99,https://www.liquorstore-online.com/product_images/p_184680.webp
chamucos-tequila-anejo-750ml,Chamucos Tequila Anejo 750ml,Tequila,"tequila, anejo",Chamucos Tequila,TRUE,118.98,https://www.liquorstore-online.com/product_images/p_184681.webp
codigo-1530-anejo-tequila-george-strait-edition-750ml,Codigo 1530 Anejo Tequila George Strait Edition 750ml,Tequila,"tequila, anejo",Codigo 1530,TRUE,171.49,https://www.liquorstore-online.com/product_images/p_184759.webp
tortilla-gold-tequila-1l,Tortilla Gold Tequila 1L,Tequila,tequila,Tortilla Gold,TRUE,59.48,https://www.liquorstore-online.com/product_images/p_184761.webp
hijos-de-villa-reposado-tequila-pistol-200ml,Hijos de Villa Reposado Tequila Pistol 200ml,Tequila,"tequila, reposado",Hijos De,TRUE,85.49,https://www.liquorstore-online.com/product_images/p_184823.webp
1800-tequila-blanco-200ml,1800 Tequila Blanco 200ml,Tequila,"tequila, blanco",1800,TRUE,56.49,https://www.liquorstore-online.com/product_images/p_184824.webp
1800-reposado-tequila-1l,1800 Reposado Tequila 1L,Tequila,"tequila, reposado",1800 Tequila,TRUE,87.49,https://www.liquorstore-online.com/product_images/p_184828.webp
el-tesoro-extra-anejo-85th-anniversary-750ml,El Tesoro Extra Anejo 85th Anniversary 750ml,Tequila,"tequila, extra-anejo",El Tesoro,TRUE,547.98,https://www.liquorstore-online.com/product_images/p_184833.webp
gran-coramino-tequila-anejo-750ml,Gran Coramino Tequila Anejo 750ml,Tequila,"tequila, anejo",Gran Coramino Tequila,TRUE,113.99,https://www.liquorstore-online.com/product_images/p_184845.webp
codigo-1530-reposado-375ml,Codigo 1530 Reposado 375ml,Tequila,"tequila, reposado",Codigo 1530,TRUE,73.48,https://www.liquorstore-online.com/product_images/p_184847.webp
gran-coramino-tequila-cristalino-750ml,Gran Coramino Tequila Cristalino 750ml,Tequila,"tequila, blanco",Gran Coramino Tequila,TRUE,94.48,https://www.liquorstore-online.com/product_images/p_184848.webp
juarez-tequila-gold-1l,Juarez Tequila Gold 1L,Tequila,tequila,Juarez,TRUE,61.49,https://www.liquorstore-online.com/product_images/p_184866.webp
puerto-vallarta-tequila-anejo-750ml,Puerto Vallarta Tequila Anejo 750ml,Tequila,"tequila, anejo",Puerto Vallarta,TRUE,90.49,https://www.liquorstore-online.com/product_images/p_184987.webp
casamigos-tequila-reposado-1l,Casamigos Tequila Reposado 1L,Tequila,"tequila, reposado",Casamigos,TRUE,117.99,https://www.liquorstore-online.com/product_images/p_184998.webp
adictivo-anejo-tequila-750ml,Adictivo Anejo Tequila 750ml,Tequila,"tequila, anejo",Adictivo Tequila,TRUE,123.99,https://www.liquorstore-online.com/product_images/p_185004.webp
dulce-vida-real-grapefruit-tequila-750ml,Dulce Vida Real Grapefruit Tequila 750ml,Tequila,tequila,Dulce Vida,TRUE,69.49,https://www.liquorstore-online.com/product_images/p_185005.webp
adictivo-doble-reposado-750ml,Adictivo Doble Reposado 750ml,Tequila,"tequila, reposado",Adictivo Tequila,TRUE,110.99,https://www.liquorstore-online.com/product_images/p_185009.webp
adictivo-tequila-extra-anejo-750ml,Adictivo Tequila Extra Anejo 750ml,Tequila,"tequila, extra-anejo",Adictivo Tequila,TRUE,179.49,https://www.liquorstore-online.com/product_images/p_185012.webp
jose-cuervo-especial-silver-tequila-70cl-38-abv-includes-branded-glass,Jose Cuervo - Especial Silver Tequila 70cl 38% ABV (Includes Branded Glass),Tequila,"tequila, blanco",Jose Cuervo,TRUE,126.99,https://www.liquorstore-online.com/product_images/p_185031.jpg
jose-cuervo-especial-reposado-tequila-70cl-38-abv-includes-shot-glass,Jose Cuervo - Especial Reposado Tequila 70cl 38% ABV (Includes Shot Glass),Tequila,"tequila, reposado",Jose Cuervo,TRUE,124.99,https://www.liquorstore-online.com/product_images/p_185097.webp
jose-cuervo-especial-silver-tequila-70cl-38-abv-includes-shot-glass,Jose Cuervo - Especial Silver Tequila 70cl 38% ABV (Includes Shot Glass),Tequila,"tequila, blanco",Jose Cuervo,TRUE,124.99,https://www.liquorstore-online.com/product_images/p_185103.jpg
jose-cuervo-especial-reposado-tequila-70cl-38-abv-includes-branded-glass,Jose Cuervo - Especial Reposado Tequila 70cl 38% ABV (Includes Branded Glass),Tequila,"tequila, reposado",Jose Cuervo,TRUE,126.99,https://www.liquorstore-online.com/product_images/p_185106.webp
1921-tequila-anejo-750ml,1921 Tequila Anejo 750ml,Tequila,"tequila, anejo",1921 Tequila,TRUE,113.98,https://www.liquorstore-online.com/product_images/p_185237.webp
puerto-vallarta-extra-anejo-750ml,Puerto Vallarta Extra Anejo 750ml,Tequila,"tequila, extra-anejo",Puerto Vallarta,TRUE,92.49,https://www.liquorstore-online.com/product_images/p_185245.webp
grand-mayan-reposado-750ml,Grand Mayan Reposado 750ml,Tequila,"tequila, reposado",Grand Mayan,TRUE,133.99,https://www.liquorstore-online.com/product_images/p_185355.webp
cava-de-oro-anejo-tequila-750ml,Cava De Oro Anejo Tequila 750ml,Tequila,"tequila, anejo",Cava De Oro,TRUE,120.99,https://www.liquorstore-online.com/product_images/p_185356.webp
chinaco-blanco-tequila-750ml,Chinaco Blanco Tequila 750ml,Tequila,"tequila, blanco",Chinaco Blanco,TRUE,93.48,https://www.liquorstore-online.com/product_images/p_185538.webp
baluarte-tequila-anejo-750ml,Baluarte Tequila Anejo 750ml,Tequila,"tequila, anejo",Baluarte Tequila,TRUE,132.99,https://www.liquorstore-online.com/product_images/p_185860.webp
asombroso-5-year-extra-anejo-750ml,AsomBroso 5 Year Extra Anejo 750ml,Tequila,"tequila, extra-anejo",Asombroso Extra,TRUE,259.99,https://www.liquorstore-online.com/product_images/p_185872.webp
clase-azul-reposado-750ml,Clase Azul Reposado 750ml,Tequila,"tequila, reposado",Clase Azul,TRUE,243.99,https://www.liquorstore-online.com/product_images/p_185926.webp
banhez-mexicano-artesanal-joven-mezcal-750ml,Banhez Mexicano Artesanal Joven Mezcal 750ml,Tequila,"tequila, mezcal",Banhez Mezcal,TRUE,138.99,https://www.liquorstore-online.com/product_images/p_185940.png
codigo-1530-rosa-750ml,Codigo 1530 Rosa 750ml,Tequila,tequila,Codigo 1530,TRUE,107.99,https://www.liquorstore-online.com/product_images/p_185946.webp
campo-bravo-tequila-reposado-750ml,Campo Bravo Tequila Reposado 750ml,Tequila,"tequila, reposado",Campo Bravo,TRUE,68.49,https://www.liquorstore-online.com/product_images/p_185953.webp
sauza-hornitos-reposado-tequila-70cl-38-abv,Sauza - Hornitos Reposado  Tequila 70cl 38% ABV,Tequila,"tequila, reposado",Sauza,TRUE,139.99,https://www.liquorstore-online.com/product_images/p_186000.webp
riazul-silver-tequila-750ml,Riazul Silver Tequila 750ml,Tequila,"tequila, blanco",Riazul,TRUE,96.48,https://www.liquorstore-online.com/product_images/p_186104.webp
hornitos-plata-tequila-1l,Hornitos Plata Tequila 1L,Tequila,"tequila, blanco",Hornitos,TRUE,82.49,https://www.liquorstore-online.com/product_images/p_186139.webp
codigo-1530-anejo-tequila-750ml,Codigo 1530 Anejo Tequila 750ml,Tequila,"tequila, anejo",Codigo 1530,TRUE,185.49,https://www.liquorstore-online.com/product_images/p_186160.webp
codigo-1530-blanco-tequila-750ml,Codigo 1530 Blanco Tequila 750ml,Tequila,"tequila, blanco",Codigo 1530,TRUE,88.49,https://www.liquorstore-online.com/product_images/p_186164.webp
tapatio-tequila-blanco-750ml,Tapatio Tequila Blanco 750ml,Tequila,"tequila, blanco",Tequila Tapatio,TRUE,90.49,https://www.liquorstore-online.com/product_images/p_186172.webp
casino-azul-silver-tequila-750ml,Casino Azul Silver Tequila 750ml,Tequila,"tequila, blanco",Casino Azul,TRUE,118.99,https://www.liquorstore-online.com/product_images/p_186190.webp
casamigos-mezcal-joven-espadin-750ml,Casamigos Mezcal Joven Espadin 750ml,Tequila,"tequila, mezcal",Casamigos,TRUE,116.99,https://www.liquorstore-online.com/product_images/p_186194.webp
el-charro-silver-tequila-750ml,El Charro Silver Tequila 750ml,Tequila,"tequila, blanco",El Charro,TRUE,69.48,https://www.liquorstore-online.com/product_images/p_186195.webp
los-amantes-mezcal-joven-750ml,Los Amantes Mezcal Joven 750ml,Tequila,"tequila, mezcal",Los Amantes,TRUE,95.48,https://www.liquorstore-online.com/product_images/p_186208.webp
el-charro-tequila-reposado-750ml,El Charro Tequila Reposado 750ml,Tequila,"tequila, reposado",El Charro,TRUE,69.48,https://www.liquorstore-online.com/product_images/p_186209.webp
scorpion-silver-mezcal-750ml,Scorpion Silver Mezcal 750ml,Tequila,"tequila, mezcal, blanco",Scorpion Silver,TRUE,95.49,https://www.liquorstore-online.com/product_images/p_186236.webp
calle-23-tequilla-blanco-750ml,Calle 23 Tequilla Blanco 750ml,Tequila,"tequila, blanco",Calle 23,TRUE,90.43,https://www.liquorstore-online.com/product_images/p_186241.webp
lobos-1707-tequila-extra-anejo-750ml,Lobos 1707 Tequila Extra Anejo 750ml,Tequila,"tequila, extra-anejo",Lobos 1707 Tequila,TRUE,204.49,https://www.liquorstore-online.com/product_images/p_186292.webp
1800-tequila-coconut-1-75l,1800 Tequila Coconut 1.75L,Tequila,tequila,1800,TRUE,108.99,https://www.liquorstore-online.com/product_images/p_186297.webp
scorpion-mezcal-anejo-750ml,Scorpion Mezcal Anejo 750ml,Tequila,"tequila, mezcal, anejo",1,TRUE,107.99,https://www.liquorstore-online.com/product_images/p_186310.webp
codigo-1530-reposado-tequila-750ml,Codigo 1530 Reposado Tequila 750ml,Tequila,"tequila, reposado",Codigo 1530,TRUE,107.98,https://www.liquorstore-online.com/product_images/p_186333.webp
dulce-vida-blanco-tequila-80-proof-1-75l,Dulce Vida Blanco Tequila 80 Proof 1.75L,Tequila,"tequila, blanco",Dulce Vida,TRUE,90.49,https://www.liquorstore-online.com/product_images/p_186340.webp
don-fulano-blanco-tequila-750ml,Don Fulano Blanco Tequila 750ml,Tequila,"tequila, blanco",Don Fulano,TRUE,105.99,https://www.liquorstore-online.com/product_images/p_186343.webp
don-fulano-anejo-750ml,Don Fulano Anejo 750ml,Tequila,"tequila, anejo",Don Fulano,TRUE,138.99,https://www.liquorstore-online.com/product_images/p_186344.webp
don-fulano-blanco-fuerte-tequila-750ml,Don Fulano Blanco Fuerte Tequila 750ml,Tequila,"tequila, blanco",Don Fulano,TRUE,114.99,https://www.liquorstore-online.com/product_images/p_186350.webp
don-fulano-reposado-tequila-750ml,Don Fulano Reposado Tequila 750ml,Tequila,"tequila, reposado",Don Fulano,TRUE,114.99,https://www.liquorstore-online.com/product_images/p_186353.webp
tequila-herradura-silver-750ml,Tequila Herradura Silver 750ml,Tequila,"tequila, blanco",Tequila Herradura,TRUE,104.98,https://www.liquorstore-online.com/product_images/p_186355.webp
codigo-1530-14-year-old-extra-anejo-tequila-750ml,Codigo 1530 14 Year Old Extra Anejo Tequila 750ml,Tequila,"tequila, extra-anejo",Codigo 1530,TRUE,4033.98,https://www.liquorstore-online.com/product_images/p_186369.webp
grand-mayan-tequila-ultra-aged-anejo-750ml,Grand Mayan Tequila Ultra Aged Anejo 750ml,Tequila,"tequila, anejo",Grand Mayan,TRUE,175.49,https://www.liquorstore-online.com/product_images/p_186420.webp
jose-cuervo-especial-gold-tequila-375ml,Jose Cuervo Especial Gold Tequila 375ml,Tequila,tequila,Jose Cuervo,TRUE,61.49,https://www.liquorstore-online.com/product_images/p_186431.webp
patron-anejo-tequila-1-75l,Patron Anejo Tequila 1.75L,Tequila,"tequila, anejo",Patron,TRUE,185.49,https://www.liquorstore-online.com/product_images/p_186459.webp
clase-azul-reposado-tequila-1-75l,Clase Azul Reposado Tequila 1.75L,Tequila,"tequila, reposado",Clase Azul,TRUE,737.99,https://www.liquorstore-online.com/product_images/p_186465.webp
lobos-1707-tequila-reposado-750ml,Lobos 1707 Tequila Reposado 750ml,Tequila,"tequila, reposado",Lobos 1707 Tequila,TRUE,86.49,https://www.liquorstore-online.com/product_images/p_186468.webp
cabo-wabo-tequila-blanco-750ml,Cabo Wabo Tequila Blanco 750ml,Tequila,"tequila, blanco",Cabo Wabo,TRUE,84.48,https://www.liquorstore-online.com/product_images/p_186482.webp
don-julio-rosado-tequila-reposado-750ml,Don Julio Rosado Tequila Reposado 750ml,Tequila,"tequila, reposado",Don Julio,TRUE,185.46,https://www.liquorstore-online.com/product_images/p_186484.webp
la-adelita-tequila-black-anejo-cristalino-750ml,La Adelita Tequila Black Anejo Cristalino 750ml,Tequila,"tequila, anejo",La Adelita,TRUE,119.99,https://www.liquorstore-online.com/product_images/p_186487.webp
ojo-de-tigre-artesanal-mezcal-750ml,Ojo De Tigre Artesanal Mezcal 750ml,Tequila,"tequila, mezcal",Ojo De,TRUE,77.48,https://www.liquorstore-online.com/product_images/p_186492.webp
la-adelita-extra-anejo-tequila-750ml,La Adelita Extra Anejo Tequila 750ml,Tequila,"tequila, extra-anejo",La Adelita,TRUE,147.97,https://www.liquorstore-online.com/product_images/p_186494.webp
codigo-1530-origen-extra-anejo-tequila-375ml,Codigo 1530 Origen Extra Anejo Tequila 375ml,Tequila,"tequila, extra-anejo",Codigo 1530,TRUE,205.49,https://www.liquorstore-online.com/product_images/p_186499.webp
sauza-tres-generaciones-anejo-tequila-750ml,Sauza Tres Generaciones Anejo Tequila 750ml,Tequila,"tequila, anejo",Tres Generaciones,TRUE,96.48,https://www.liquorstore-online.com/product_images/p_186504.webp
gran-patron-burdeos-tequila-750ml,Gran Patron Burdeos Tequila 750ml,Tequila,tequila,Patron,TRUE,547.98,https://www.liquorstore-online.com/product_images/p_186516.webp
avion-tequila-reposado-750ml,Avion Tequila Reposado 750ml,Tequila,"tequila, reposado",Avion,TRUE,94.49,https://www.liquorstore-online.com/product_images/p_186530.webp
religion-tequila-anejo-organic-750ml,Religion Tequila Anejo Organic 750ml,Tequila,"tequila, anejo",Religion Tequila,TRUE,118.98,https://www.liquorstore-online.com/product_images/p_186541.webp
olmeca-altos-plata-tequila-1-75l,Olmeca Altos Plata Tequila 1.75L,Tequila,"tequila, blanco",Altos Tequila,TRUE,117.99,https://www.liquorstore-online.com/product_images/p_186570.webp
pasote-tequila-reposado-750ml,Pasote Tequila Reposado 750ml,Tequila,"tequila, reposado",Pasote Tequila,TRUE,91.48,https://www.liquorstore-online.com/product_images/p_186593.webp
patron-anejo-tequila-375ml,Patron Anejo Tequila 375ml,Tequila,"tequila, anejo",Patron,TRUE,81.49,https://www.liquorstore-online.com/product_images/p_186929.webp
tequila-herradura-reposado-750ml,Tequila Herradura Reposado 750ml,Tequila,"tequila, reposado",Tequila Herradura,TRUE,104.99,https://www.liquorstore-online.com/product_images/p_186938.png
tequila-herradura-anejo-750ml,Tequila Herradura Anejo 750ml,Tequila,"tequila, anejo",Tequila Herradura,TRUE,110.98,https://www.liquorstore-online.com/product_images/p_187012.webp
calirosa-anejo-tequila-750ml,Calirosa Anejo Tequila 750ml,Tequila,"tequila, anejo",Calirosa Anejo,TRUE,111.98,https://www.liquorstore-online.com/product_images/p_187016.webp
calirosa-reposado-tequila-750ml,CaliRosa Reposado Tequila 750ml,Tequila,"tequila, reposado",Calirosa,TRUE,92.49,https://www.liquorstore-online.com/product_images/p_187017.webp
tequila-herradura-silver-1l,Tequila Herradura Silver 1L,Tequila,"tequila, blanco",Tequila Herradura,TRUE,96.48,https://www.liquorstore-online.com/product_images/p_187019.webp
calirosa-extra-anejo-tequila-750ml,Calirosa Extra Anejo Tequila 750ml,Tequila,"tequila, extra-anejo",Calirosa Extra,TRUE,239.98,https://www.liquorstore-online.com/product_images/p_187021.webp
calirosa-rosa-blanco-750ml,Calirosa Rosa Blanco 750ml,Tequila,"tequila, blanco",Calirosa Tequila,TRUE,84.48,https://www.liquorstore-online.com/product_images/p_187024.webp
casamigos-blanco-tequila-1l,Casamigos Blanco Tequila 1L,Tequila,"tequila, blanco",Casamigos,TRUE,112.99,https://www.liquorstore-online.com/product_images/p_187039.webp
kah-blanco-tequila-70cl-40-abv,KAH - Blanco Tequila 70cl 40% ABV,Tequila,"tequila, blanco",KAH,TRUE,182.99,https://www.liquorstore-online.com/product_images/p_187068.webp
patron-reposado-tequila-70cl-40-abv,Patron - Reposado Tequila 70cl 40% ABV,Tequila,"tequila, reposado",Patron,TRUE,195.99,https://www.liquorstore-online.com/product_images/p_187094.webp
xaman-the-one-who-knows-espadin-artisanal-mezcal-70cl-42-abv,Xaman - The One Who Knows Espadin Artisanal Mezcal 70cl 42% ABV,Tequila,"tequila, mezcal",Xaman,TRUE,175.99,https://www.liquorstore-online.com/product_images/p_187153.webp
kah-reposado-tequila-70cl-40-abv,KAH - Reposado Tequila 70cl 40% ABV,Tequila,"tequila, reposado",KAH,TRUE,184.99,https://www.liquorstore-online.com/product_images/p_187184.webp
patron-silver-tequila-70cl-40-abv,Patron - Silver Tequila 70cl 40% ABV,Tequila,"tequila, blanco",Patron,TRUE,188.99,https://www.liquorstore-online.com/product_images/p_187247.webp
patron-anejo-tequila-70cl-40-abv,Patron - Anejo Tequila 70cl 40% ABV,Tequila,"tequila, anejo",Patron,TRUE,207.99,https://www.liquorstore-online.com/product_images/p_187363.webp
tequila-cazadores-blanco-1l,Tequila CAZADORES Blanco  1L,Tequila,"tequila, blanco",Cazadores,TRUE,77.49,https://www.liquorstore-online.com/product_images/p_187550.webp
hermosa-organic-reposado-tequila-750ml,Hermosa Organic Reposado Tequila 750ml,Tequila,"tequila, reposado",Hermosa,TRUE,95.48,https://www.liquorstore-online.com/product_images/p_187559.png
casamigos-anejo-tequila-1l,Casamigos Anejo Tequila 1L,Tequila,"tequila, anejo",Casamigos,TRUE,123.99,https://www.liquorstore-online.com/product_images/p_187567.webp
ocho-plata-agave-tequila-50cl-40-abv,Ocho - Plata Agave Tequila 50cl 40% ABV,Tequila,"tequila, blanco",TequilaLiquorStore.com,TRUE,132.99,https://www.liquorstore-online.com/product_images/p_187720.webp
el-charro-tequila-reposado-1l,El Charro Tequila Reposado 1L,Tequila,"tequila, reposado",El Charro,TRUE,69.49,https://www.liquorstore-online.com/product_images/p_188173.webp
fortaleza-winter-blend-2021-reposado-tequila-70cl-46-3-abv,Fortaleza - Winter Blend 2021 Reposado Tequila 70cl 46.3% ABV,Tequila,"tequila, reposado",Fortaleza,TRUE,920.99,https://www.liquorstore-online.com/product_images/p_188196.webp
fortaleza-winter-blend-2022-reposado-tequila-70cl-43-5-abv,Fortaleza - Winter Blend 2022 Reposado Tequila 70cl 43.5% ABV,Tequila,"tequila, reposado",TequilaLiquorStore.com,TRUE,1219.99,https://www.liquorstore-online.com/product_images/p_188197.jpg
cascahuin-blanco-tequila-70cl-40-abv,Cascahuin - Blanco Tequila 70cl 40% ABV,Tequila,"tequila, blanco",TequilaLiquorStore.com,TRUE,175.99,https://www.liquorstore-online.com/product_images/p_188216.webp
cascahuin-reposado-tequila-70cl-40-abv,Cascahuin - Reposado Tequila 70cl 40% ABV,Tequila,"tequila, reposado",TequilaLiquorStore.com,TRUE,182.99,https://www.liquorstore-online.com/product_images/p_188217.webp
818-blanco-tequila-70cl-40-abv-kendall-jenner,818 - Blanco Tequila 70cl 40% ABV (Kendall Jenner),Tequila,"tequila, blanco",TequilaLiquorStore.com,TRUE,183.99,https://www.liquorstore-online.com/product_images/p_188226.jpg
818-reposado-tequila-70cl-40-abv-kendall-jenner,818 - Reposado Tequila 70cl 40% ABV (Kendall Jenner),Tequila,"tequila, reposado",TequilaLiquorStore.com,TRUE,188.99,https://www.liquorstore-online.com/product_images/p_188227.webp
818-anejo-tequila-70cl-40-abv-kendall-jenner,818 - Anejo Tequila 70cl 40% ABV (Kendall Jenner),Tequila,"tequila, anejo",TequilaLiquorStore.com,TRUE,206.99,https://www.liquorstore-online.com/product_images/p_188228.webp
cantera-negra-blanco-tequila-750ml,Cantera Negra Blanco Tequila 750ml,Tequila,"tequila, blanco",Cantera Negra,TRUE,92.48,https://www.liquorstore-online.com/product_images/p_188243.webp
cantera-negra-cafe-coffee-liqueur-750ml,Cantera Negra Cafe Coffee Liqueur 750ml,Tequila,tequila,Cantera Negra,TRUE,76.48,https://www.liquorstore-online.com/product_images/p_188244.webp
cantera-negra-anejo-tequila-750ml,Cantera Negra Anejo Tequila 750ml,Tequila,"tequila, anejo",Cantera Negra,TRUE,108.98,https://www.liquorstore-online.com/product_images/p_188245.webp
cantera-extra-anejo-tequila-750ml,Cantera Extra Anejo Tequila 750ml,Tequila,"tequila, extra-anejo",Cantera Extra,TRUE,169.48,https://www.liquorstore-online.com/product_images/p_188246.webp
cantera-negra-reposado-tequila-750ml,Cantera Negra Reposado Tequila 750ml,Tequila,"tequila, reposado",Cantera Negra,TRUE,96.38,https://www.liquorstore-online.com/product_images/p_188247.webp
red-eye-louie-s-whisquila-whiskey-tequila-750ml,Red Eye Louie's Whisquila Whiskey & Tequila 750ml,Tequila,tequila,Whiskey,TRUE,78.46,https://www.liquorstore-online.com/product_images/p_188262.webp
amaras-mezcal-joven-espadin-750ml,Amaras Mezcal Joven Espadin 750ml,Tequila,"tequila, mezcal",Amaras Mezcal,TRUE,85.48,https://www.liquorstore-online.com/product_images/p_188270.webp
gracias-a-dios-mezcal-artesanal-espadin-reposado-750ml,Gracias A Dios Mezcal Artesanal Espadin Reposado 750ml,Tequila,"tequila, mezcal, reposado",Gracias A,TRUE,104.98,https://www.liquorstore-online.com/product_images/p_188276.webp
deleon-anejo-tequila-750ml,Deleon Anejo Tequila 750ml,Tequila,"tequila, anejo",Deleon,TRUE,84.48,https://www.liquorstore-online.com/product_images/p_188289.webp
el-jimador-silver-tequila-1-75l,el Jimador Silver Tequila 1.75L,Tequila,"tequila, blanco",El Jimador,TRUE,110.99,https://www.liquorstore-online.com/product_images/p_188290.webp
don-julio-1942-small-batch-anejo-tequila-175cl-38-abv-1-75-litre-magnum,Don Julio - 1942 Small Batch Anejo Tequila 175cl 38% ABV (1.75 Litre Magnum),Tequila,"tequila, anejo",TequilaLiquorStore.com,TRUE,1351.99,https://www.liquorstore-online.com/product_images/p_188521.webp
ocho-reposado-agave-tequila-50cl-40-abv,Ocho - Reposado Agave Tequila 50cl 40% ABV,Tequila,"tequila, reposado",TequilaLiquorStore.com,TRUE,135.99,https://www.liquorstore-online.com/product_images/p_188530.jpg
casa-noble-reposado-tequila-750ml,Casa Noble Reposado Tequila 750ml,Tequila,"tequila, reposado",Casa Noble,TRUE,105.99,https://www.liquorstore-online.com/product_images/p_188581.webp
teremana-anejo-tequila-750ml,Teremana Anejo Tequila 750ml,Tequila,"tequila, anejo",Teremana,TRUE,86.48,https://www.liquorstore-online.com/product_images/p_188614.webp
pasote-anejo-tequila-750ml,Pasote Anejo Tequila 750ml,Tequila,"tequila, anejo",Pasote Anejo,TRUE,106.93,https://www.liquorstore-online.com/product_images/p_188627.webp
1800-tequila-blanco-375ml,1800 Tequila Blanco 375ml,Tequila,"tequila, blanco",1800,TRUE,64.49,https://www.liquorstore-online.com/product_images/p_188683.webp
hotel-california-anejo-750ml,Hotel California Anejo 750ml,Tequila,"tequila, anejo",Hotel California,TRUE,109.99,https://www.liquorstore-online.com/product_images/p_188684.webp
quiquiriqui-ensamble-mezcal-70cl-47-abv,Quiquiriqui - Ensamble Mezcal 70cl 47% ABV,Tequila,"tequila, mezcal",TequilaLiquorStore.com,TRUE,249.99,https://www.liquorstore-online.com/product_images/p_188742.webp
quiquiriqui-destilado-con-mole-mezcal-70cl-47-abv,Quiquiriqui - Destilado Con Mole Mezcal 70cl 47% ABV,Tequila,"tequila, mezcal",TequilaLiquorStore.com,TRUE,214.99,https://www.liquorstore-online.com/product_images/p_188743.webp
quiquiriqui-destilado-de-cacao-pechuga-mezcal-70cl-47-abv,Quiquiriqui - Destilado De Cacao Pechuga Mezcal 70cl 47% ABV,Tequila,"tequila, mezcal",TequilaLiquorStore.com,TRUE,220.99,https://www.liquorstore-online.com/product_images/p_188744.webp
quiquiriqui-destilado-de-coffee-pechuga-mezcal-70cl-47-abv,Quiquiriqui - Destilado De Coffee Pechuga Mezcal 70cl 47% ABV,Tequila,"tequila, mezcal",TequilaLiquorStore.com,TRUE,211.99,https://www.liquorstore-online.com/product_images/p_188745.webp
quiquiriqui-wild-tepeztate-mezcal-70cl-47-abv,Quiquiriqui -  Wild Tepeztate Mezcal 70cl 47% ABV,Tequila,"tequila, mezcal",TequilaLiquorStore.com,TRUE,270.99,https://www.liquorstore-online.com/product_images/p_188746.webp
espolon-tequila-blanco-1-75l,Espolon Tequila Blanco 1.75L,Tequila,"tequila, blanco",Espolon,TRUE,108.99,https://www.liquorstore-online.com/product_images/p_188755.webp
tijuana-gold-1l,Tijuana Gold 1L,Tequila,tequila,Tijuana Gold,TRUE,58.49,https://www.liquorstore-online.com/product_images/p_188762.webp
hornitos-reposado-tequila-1-75l,Hornitos Reposado Tequila 1.75L,Tequila,"tequila, reposado",Hornitos,TRUE,111.99,https://www.liquorstore-online.com/product_images/p_188764.webp
jose-cuervo-especial-silver-tequila-375ml,Jose Cuervo Especial Silver Tequila 375ml,Tequila,"tequila, blanco",Jose Cuervo,TRUE,60.49,https://www.liquorstore-online.com/product_images/p_188774.webp
chile-pepper-red-green-agave-tequila-750ml,Chile Pepper Red Green Agave Tequila 750ml,Tequila,tequila,Chile Pepper,TRUE,127.99,https://www.liquorstore-online.com/product_images/p_188789.webp
rayu-joven-espadin-mezcal-1l,Rayu Joven Espadin Mezcal 1L,Tequila,"tequila, mezcal",Rayu Joven,TRUE,87.49,https://www.liquorstore-online.com/product_images/p_188831.webp
gran-patron-piedra-tequila-750ml,Gran Patron Piedra Tequila 750ml,Tequila,tequila,Patron,TRUE,447.98,https://www.liquorstore-online.com/product_images/p_188853.webp
casamigos-cristalino-reposado-tequila-750ml,Casamigos Cristalino Reposado Tequila 750ml,Tequila,"tequila, reposado",Casamigos,TRUE,111.98,https://www.liquorstore-online.com/product_images/p_193946.webp
don-ramon-punta-diamante-anejo-750ml,Don Ramon Punta Diamante Anejo 750ml,Tequila,"tequila, anejo",Don Ramon,TRUE,121.99,https://www.liquorstore-online.com/product_images/p_194018.webp
don-ramon-reposado-tequila-750ml,Don Ramon Reposado Tequila 750ml,Tequila,"tequila, reposado",Jose Cuervo,TRUE,83.49,https://www.liquorstore-online.com/product_images/p_194026.webp
el-toro-gold-1l,El Toro Gold 1L,Tequila,tequila,El Toro,TRUE,59.49,https://www.liquorstore-online.com/product_images/p_200817.webp
el-charro-reposado-tequila-1-75l,El Charro Reposado Tequila 1.75L,Tequila,"tequila, reposado",El Charro,TRUE,104.99,https://www.liquorstore-online.com/product_images/p_200824.webp
patron-extra-anejo-tequila-375ml,Patron Extra Anejo Tequila 375ml,Tequila,"tequila, extra-anejo",Patron,TRUE,85.49,https://www.liquorstore-online.com/product_images/p_202039.webp
milagro-reposado-tequila-1-75l,Milagro Reposado Tequila 1.75L,Tequila,"tequila, reposado",Milagro,TRUE,105.99,https://www.liquorstore-online.com/product_images/p_202093.webp
casa-azul-organic-reposado-tequila-750ml,Casa Azul Organic Reposado Tequila 750ml,Tequila,"tequila, reposado",Casa Azul,TRUE,116.98,https://www.liquorstore-online.com/product_images/p_202126.webp
casa-azul-organic-tequila-blanco-750ml,Casa Azul Organic Tequila Blanco 750ml,Tequila,"tequila, blanco",Casa Azul,TRUE,105.99,https://www.liquorstore-online.com/product_images/p_202129.webp
codigo-1530-tequila-rosa-blanco-1l,Codigo 1530 Tequila Rosa Blanco 1L,Tequila,"tequila, blanco",Codigo 1530,TRUE,128.99,https://www.liquorstore-online.com/product_images/p_202131.webp
tears-of-llorona-extra-anejo-tequila-1l,Tears Of Llorona Extra Anejo Tequila 1L,Tequila,"tequila, extra-anejo",Tears of Llorona,TRUE,372.99,https://www.liquorstore-online.com/product_images/p_202143.webp
casa-azul-anejo-tequila-750ml,Casa Azul Anejo Tequila 750ml,Tequila,"tequila, anejo",Casa Azul,TRUE,145.99,https://www.liquorstore-online.com/product_images/p_202149.webp
teremana-reposado-tequila-375ml,Teremana Reposado Tequila 375ml,Tequila,"tequila, reposado",Teremana Reposado,TRUE,66.49,https://www.liquorstore-online.com/product_images/p_202167.webp
teremana-blanco-tequila-375ml,Teremana Blanco Tequila 375ml,Tequila,"tequila, blanco",Teremana,TRUE,64.49,https://www.liquorstore-online.com/product_images/p_202170.webp
tequila-herradura-silver-375ml,Tequila Herradura Silver 375ml,Tequila,"tequila, blanco",Tequila Herradura,TRUE,66.48,https://www.liquorstore-online.com/product_images/p_202190.webp
campo-azul-gran-classico-blanco-1l,Campo Azul Gran Classico Blanco 1L,Tequila,"tequila, blanco",Campo Azul,TRUE,66.48,https://www.liquorstore-online.com/product_images/p_202230.webp
rancho-tepua-bacanora-blanco-750ml,Rancho Tepua Bacanora Blanco 750ml,Tequila,"tequila, blanco",Rancho Tepua,TRUE,110.96,https://www.liquorstore-online.com/product_images/p_202264.webp
casamigos-anejo-tequila-375ml,Casamigos Anejo Tequila 375ml,Tequila,"tequila, anejo",Casamigos,TRUE,77.49,https://www.liquorstore-online.com/product_images/p_202296.webp
cazadores-cafe-coffee-liqueur-750ml,Cazadores Cafe Coffee Liqueur 750ml,Tequila,tequila,Cazadores,TRUE,68.48,https://www.liquorstore-online.com/product_images/p_202319.webp
don-julio-anejo-tequila-375ml,Don Julio Anejo Tequila 375ml,Tequila,"tequila, anejo",Don Julio,TRUE,76.49,https://www.liquorstore-online.com/product_images/p_202413.webp
don-julio-tequila-reposado-375ml,Don Julio Tequila Reposado 375ml,Tequila,"tequila, reposado",Don Julio,TRUE,73.49,https://www.liquorstore-online.com/product_images/p_202416.webp
hotel-california-reposado-tequila-750ml,Hotel California Reposado Tequila 750ml,Tequila,"tequila, reposado",Hotel California,TRUE,106.99,https://www.liquorstore-online.com/product_images/p_203273.webp
dos-hombres-mezcal-750ml,Dos Hombres Mezcal 750ml,Tequila,"tequila, mezcal",Dos Hombres,TRUE,95.48,https://www.liquorstore-online.com/product_images/p_209966.webp
vivir-blanco-tequila-70cl-40-abv,Vivir - Blanco Tequila 70cl 40% ABV,Tequila,"tequila, blanco",TequilaLiquorStore.com,TRUE,175.99,https://www.liquorstore-online.com/product_images/p_210262.webp
vivir-reposado-tequila-70cl-40-abv,Vivir - Reposado Tequila 70cl 40% ABV,Tequila,"tequila, reposado",TequilaLiquorStore.com,TRUE,179.99,https://www.liquorstore-online.com/product_images/p_210263.webp
jose-cuervo-reserva-de-la-familia-tercerunquinto-collection-extra-anejo-tequila-70cl-38-abv,Jose Cuervo - Reserva De La Familia - Tercerunquinto Collection Extra Anejo Tequila 70cl 38% ABV,Tequila,"tequila, extra-anejo",Jose Cuervo,TRUE,401.99,https://www.liquorstore-online.com/product_images/p_210354.webp
milagro-select-barrel-reserve-reposado-tequila-750ml,Milagro Select Barrel Reserve Reposado Tequila 750ml,Tequila,"tequila, reposado",Milagro,TRUE,109.98,https://www.liquorstore-online.com/product_images/p_210406.webp
tequila-ocho-plata-750ml,Tequila Ocho Plata 750ml,Tequila,"tequila, blanco",Tequila Ocho,TRUE,92.48,https://www.liquorstore-online.com/product_images/p_211085.webp
ilegal-joven-mezcal-70cl-40-abv,Ilegal - Joven Mezcal 70cl 40% ABV,Tequila,"tequila, mezcal",TequilaLiquorStore.com,TRUE,195.99,https://www.liquorstore-online.com/product_images/p_211192.webp
ilegal-reposado-mezcal-70cl-40-abv,Ilegal - Reposado Mezcal 70cl 40% ABV,Tequila,"tequila, mezcal, reposado",TequilaLiquorStore.com,TRUE,207.99,https://www.liquorstore-online.com/product_images/p_211193.webp
1800-essential-artists-x-mike-skinner-limited-edition-silver-tequila-70cl-38-abv,1800 - Essential Artists x Mike Skinner Limited Edition Silver Tequila 70cl 38% ABV,Tequila,"tequila, blanco",TequilaLiquorStore.com,TRUE,522.99,https://www.liquorstore-online.com/product_images/p_211715.webp
jose-cuervo-day-of-the-dead-edition-tradicional-plata-tequila-50cl-38-abv,Jose Cuervo - Day Of The Dead Edition Tradicional Plata Tequila 50cl 38% ABV,Tequila,"tequila, blanco",Jose Cuervo,TRUE,124.99,https://www.liquorstore-online.com/product_images/p_211719.webp
fortaleza-reposado-tequila-70cl-40-abv,Fortaleza - Reposado Tequila 70cl 40% ABV,Tequila,"tequila, reposado",Fortaleza,TRUE,260.99,https://www.liquorstore-online.com/product_images/p_211739.webp
lalo-blanco-silver-tequila-750ml,LALO Blanco-Silver Tequila 750ml,Tequila,"tequila, blanco",LALO Blanco-Silver,TRUE,90.49,https://www.liquorstore-online.com/product_images/p_212045.webp
818-limited-edition-eight-anejo-reserve-tequila-70cl-40-abv-kendall-jenner,818 - Limited Edition Eight Anejo Reserve Tequila 70cl 40% ABV (Kendall Jenner),Tequila,"tequila, anejo",TequilaLiquorStore.com,TRUE,521.99,https://www.liquorstore-online.com/product_images/p_212454.webp
fortaleza-anejo-tequila-70cl-40-abv,Fortaleza - Anejo Tequila 70cl 40% ABV,Tequila,"tequila, anejo",Fortaleza,TRUE,324.99,https://www.liquorstore-online.com/product_images/p_212523.webp
rooster-rojo-blanco-tequila-70cl-38-abv,Rooster Rojo - Blanco Tequila 70cl 38% ABV,Tequila,"tequila, blanco",TequilaLiquorStore.com,TRUE,124.99,https://www.liquorstore-online.com/product_images/p_212983.webp
rooster-rojo-reposado-tequila-70cl-38-abv,Rooster Rojo - Reposado Tequila 70cl 38% ABV,Tequila,"tequila, reposado",TequilaLiquorStore.com,TRUE,127.99,https://www.liquorstore-online.com/product_images/p_212984.webp
rooster-rojo-anejo-tequila-70cl-38-abv,Rooster Rojo - Anejo Tequila 70cl 38% ABV,Tequila,"tequila, anejo",TequilaLiquorStore.com,TRUE,132.99,https://www.liquorstore-online.com/product_images/p_212985.webp
don-julio-ultima-reserva-750ml,Don Julio Ultima Reserva 750ml,Tequila,tequila,Don Julio,TRUE,397.90,https://www.liquorstore-online.com/product_images/p_213087.webp
mijenta-blanco-tequila-750ml,Mijenta Blanco Tequila 750ml,Tequila,"tequila, blanco",Mijenta Blanco,TRUE,92.49,https://www.liquorstore-online.com/product_images/p_213146.webp
mijenta-tequila-reposado-750ml,Mijenta Tequila Reposado 750ml,Tequila,"tequila, reposado",Mijenta,TRUE,119.99,https://www.liquorstore-online.com/product_images/p_213150.webp
tarantula-azul-tequila-750ml,Tarantula Azul Tequila 750ml,Tequila,tequila,Tarantula Azul,TRUE,73.49,https://www.liquorstore-online.com/product_images/p_213207.webp
mijenta-tequila-anejo-750ml,Mijenta Tequila Anejo 750ml,Tequila,"tequila, anejo",Mijenta,TRUE,202.49,https://www.liquorstore-online.com/product_images/p_213213.webp
patron-el-alto-luxury-reposado-tequila-750ml,PATRON EL ALTO Luxury Reposado Tequila  750ml,Tequila,"tequila, reposado",Patron,TRUE,194.49,https://www.liquorstore-online.com/product_images/p_213241.webp
tapatio-excelencia-gran-reserva-extra-anejo-tequila-100cl-40-abv,Tapatio - Excelencia Gran Reserva Extra Anejo Tequila 100cl 40% ABV,Tequila,"tequila, extra-anejo",Tapatio,TRUE,561.99,https://www.liquorstore-online.com/product_images/p_213243.webp
tequila-ocho-reposado-750ml,Tequila Ocho Reposado 750ml,Tequila,"tequila, reposado",Tequila Ocho,TRUE,108.99,https://www.liquorstore-online.com/product_images/p_218133.webp
don-julio-alma-miel-joven-tequila-750ml,Don Julio Alma Miel Joven Tequila 750ml,Tequila,tequila,Don Julio,TRUE,180.49,https://www.liquorstore-online.com/product_images/p_218286.webp
casamigos-tequila-anejo-1-75l,Casamigos Tequila Anejo 1.75L,Tequila,"tequila, anejo",Casamigos,TRUE,195.49,https://www.liquorstore-online.com/product_images/p_218472.webp
kah-anejo-tequila-70cl-40-abv,KAH - Anejo Tequila 70cl 40% ABV,Tequila,"tequila, anejo",TequilaLiquorStore.com,TRUE,198.99,https://www.liquorstore-online.com/product_images/p_218694.webp
kah-100-agave-blanco-tequila-70cl-40-abv,KAH - 100% Agave Blanco Tequila 70cl 40% ABV,Tequila,"tequila, blanco",TequilaLiquorStore.com,TRUE,143.99,https://www.liquorstore-online.com/product_images/p_218699.webp
butterfly-cannon-the-winged-king-reposado-tequila-750ml,Butterfly Cannon The Winged King Reposado Tequila  750ml,Tequila,"tequila, reposado",The Butterfly Cannon Tequila,TRUE,204.48,https://www.liquorstore-online.com/product_images/p_218715.webp
casa-dragones-reposado-mizunara-finish-tequila-70cl-40-abv,Casa Dragones - Reposado Mizunara Finish Tequila 70cl 40% ABV,Tequila,"tequila, reposado",Casa Dragones,TRUE,522.99,https://www.liquorstore-online.com/product_images/p_218757.webp
tierra-noble-blanco-tequila-70cl-40-abv,Tierra Noble - Blanco Tequila 70cl 40% ABV,Tequila,"tequila, blanco",TequilaLiquorStore.com,TRUE,185.99,https://www.liquorstore-online.com/product_images/p_218759.webp
tierra-noble-reposado-tequila-70cl-40-abv,Tierra Noble - Reposado Tequila 70cl 40% ABV,Tequila,"tequila, reposado",TequilaLiquorStore.com,TRUE,198.99,https://www.liquorstore-online.com/product_images/p_218760.webp
tierra-noble-anejo-tequila-70cl-40-abv,Tierra Noble - Anejo Tequila 70cl 40% ABV,Tequila,"tequila, anejo",TequilaLiquorStore.com,TRUE,210.99,https://www.liquorstore-online.com/product_images/p_218762.webp
tierra-noble-exquisito-extra-anejo-tequila-70cl-40-abv,Tierra Noble - Exquisito Extra Anejo Tequila 70cl 40% ABV,Tequila,"tequila, extra-anejo",TequilaLiquorStore.com,TRUE,434.99,https://www.liquorstore-online.com/product_images/p_218763.webp
tierra-noble-reposado-cristalino-edition-4-cuarto-tequila-70cl-40-abv,Tierra Noble - Reposado Cristalino Edition 4 Cuarto Tequila 70cl 40% ABV,Tequila,"tequila, reposado",TequilaLiquorStore.com,TRUE,408.99,https://www.liquorstore-online.com/product_images/p_218764.webp
mezcal-amaras-verde-blanco-mezcal-70cl-42-abv,Mezcal Amaras - Verde Blanco Mezcal 70cl 42% ABV,Tequila,"tequila, mezcal, blanco",TequilaLiquorStore.com,TRUE,180.99,https://www.liquorstore-online.com/product_images/p_218772.webp
casa-noble-blanco-tequila-750ml,Casa Noble Blanco Tequila 750ml,Tequila,"tequila, blanco",Casa Noble,TRUE,91.49,https://www.liquorstore-online.com/product_images/p_219541.webp
herradura-tequila-reposado-1-75l,Herradura Tequila Reposado 1.75L,Tequila,"tequila, reposado",Herradura,TRUE,139.90,https://www.liquorstore-online.com/product_images/p_219672.webp
ojo-de-dios-cafe-mezcal-70cl-35-abv,Ojo de Dios - Cafe Mezcal 70cl 35% ABV,Tequila,"tequila, mezcal",TequilaLiquorStore.com,TRUE,139.99,https://www.liquorstore-online.com/product_images/p_219724.webp
ojo-de-dios-hibiscus-mezcal-70cl-35-abv,Ojo de Dios - Hibiscus Mezcal 70cl 35% ABV,Tequila,"tequila, mezcal",TequilaLiquorStore.com,TRUE,141.99,https://www.liquorstore-online.com/product_images/p_219725.webp
del-maguey-vida-clasico-mezcal-70cl-42-abv,Del Maguey - Vida Clasico Mezcal 70cl 42% ABV,Tequila,"tequila, mezcal",TequilaLiquorStore.com,TRUE,187.99,https://www.liquorstore-online.com/product_images/p_219745.webp
del-maguey-san-luis-del-rio-mezcal-70cl-42-abv,Del Maguey - San Luis Del Rio Mezcal 70cl 42% ABV,Tequila,"tequila, mezcal",TequilaLiquorStore.com,TRUE,216.99,https://www.liquorstore-online.com/product_images/p_219746.webp
del-maguey-vida-del-muertos-mezcal-70cl-45-abv,Del Maguey - Vida Del Muertos Mezcal 70cl 45% ABV,Tequila,"tequila, mezcal",TequilaLiquorStore.com,TRUE,192.99,https://www.liquorstore-online.com/product_images/p_219747.webp
el-rayo-plata-tequila-70cl-40-abv,El Rayo - Plata Tequila 70cl 40% ABV,Tequila,"tequila, blanco",TequilaLiquorStore.com,TRUE,140.99,https://www.liquorstore-online.com/product_images/p_219765.webp
volcan-de-mi-tierra-reposado-tequila-70cl-40-abv,Volcan De Mi Tierra - Reposado Tequila 70cl 40% ABV,Tequila,"tequila, reposado",Volcan de mi Tierra,TRUE,189.99,https://www.liquorstore-online.com/product_images/p_219784.webp
volcan-de-mi-tierra-x-a-tequila-70cl-40-abv-luminous-edition,Volcan De Mi Tierra - X.A. Tequila 70cl 40% ABV (Luminous Edition),Tequila,tequila,Volcan de mi Tierra,TRUE,395.99,https://www.liquorstore-online.com/product_images/p_219785.webp
tapatio-blanco-tequila-50cl-40-abv,Tapatio - Blanco Tequila 50cl 40% ABV,Tequila,"tequila, blanco",Tapatio,TRUE,132.99,https://www.liquorstore-online.com/product_images/p_219940.webp
tapatio-blanco-55-tequila-50cl-55-abv,Tapatio - Blanco 55% Tequila 50cl 55% ABV,Tequila,"tequila, blanco",Tapatio,TRUE,175.99,https://www.liquorstore-online.com/product_images/p_219941.webp
tapatio-reposado-tequila-50cl-38-abv,Tapatio - Reposado Tequila 50cl 38% ABV,Tequila,"tequila, reposado",Tapatio,TRUE,133.99,https://www.liquorstore-online.com/product_images/p_219942.webp
tapatio-anejo-tequila-50cl-38-abv,Tapatio - Anejo Tequila 50cl 38% ABV,Tequila,"tequila, anejo",Tapatio,TRUE,175.99,https://www.liquorstore-online.com/product_images/p_219943.webp
400-conejos-tobala-mezcal-joven-750ml,400 Conejos Tobala Mezcal Joven 750ml,Tequila,"tequila, mezcal",400 Conejos,TRUE,89.49,https://www.liquorstore-online.com/product_images/p_219982.webp
cazcabel-reposado-tequila-70cl-38-abv,Cazcabel - Reposado Tequila 70cl 38% ABV,Tequila,"tequila, reposado",TequilaLiquorStore.com,TRUE,137.99,https://www.liquorstore-online.com/product_images/p_219985.webp
cazcabel-blanco-tequila-70cl-38-abv,Cazcabel - Blanco Tequila 70cl 38% ABV,Tequila,"tequila, blanco",TequilaLiquorStore.com,TRUE,132.99,https://www.liquorstore-online.com/product_images/p_219987.webp
cazcabel-anejo-tequila-70cl-40-abv,Cazcabel - Anejo Tequila 70cl 40% ABV,Tequila,"tequila, anejo",TequilaLiquorStore.com,TRUE,175.99,https://www.liquorstore-online.com/product_images/p_219988.webp
cascahuin-plata-48-tequila-70cl-48-abv,Cascahuin - Plata 48 Tequila 70cl 48% ABV,Tequila,"tequila, blanco",TequilaLiquorStore.com,TRUE,195.99,https://www.liquorstore-online.com/product_images/p_220083.webp
hornitos-plata-tequila-200ml,Hornitos Plata Tequila 200ml,Tequila,"tequila, blanco",Hornitos,TRUE,55.69,https://www.liquorstore-online.com/product_images/p_220235.webp
cascahuin-blanco-tahona-tequila-70cl-42-abv,Cascahuin - Blanco Tahona Tequila 70cl 42% ABV,Tequila,"tequila, blanco",TequilaLiquorStore.com,TRUE,201.99,https://www.liquorstore-online.com/product_images/p_220298.jpg
brewdog-casa-rayos-blanco-tequila-70cl-40-abv,Brewdog - Casa Rayos Blanco Tequila 70cl 40% ABV,Tequila,"tequila, blanco",TequilaLiquorStore.com,TRUE,180.99,https://www.liquorstore-online.com/product_images/p_221416.webp
hornitos-lime-shot-750ml,Hornitos Lime Shot 750ml,Tequila,tequila,Hornitos Lime,TRUE,74.49,https://www.liquorstore-online.com/product_images/p_221652.webp
union-uno-mezcal-750ml,Union Uno Mezcal 750ml,Tequila,"tequila, mezcal",Union Uno,TRUE,80.48,https://www.liquorstore-online.com/product_images/p_221654.webp
la-gritona-reposado-tequila-750ml,La Gritona Reposado Tequila 750ml,Tequila,"tequila, reposado",La Gritona,TRUE,94.49,https://www.liquorstore-online.com/product_images/p_221685.webp
don-julio-1942-375ml,Don Julio 1942 375ml,Tequila,tequila,Don Julio,TRUE,138.99,https://www.liquorstore-online.com/product_images/p_221686.webp
two-fingers-gold-tequila-750ml,Two Fingers Gold Tequila 750ml,Tequila,tequila,Two Fingers,TRUE,66.49,https://www.liquorstore-online.com/product_images/p_221706.webp
espolon-blanco-tequila-70cl-40-abv,Espolon - Blanco Tequila 70cl 40% ABV,Tequila,"tequila, blanco",Espolon,TRUE,139.99,https://www.liquorstore-online.com/product_images/p_221754.webp
espolon-reposado-tequila-70cl-40-abv,Espolon - Reposado Tequila 70cl 40% ABV,Tequila,"tequila, reposado",Espolon,TRUE,175.99,https://www.liquorstore-online.com/product_images/p_221755.webp
montelobos-ensamble-mezcal-70cl-45-3-abv,Montelobos - Ensamble Mezcal 70cl 45.3% ABV,Tequila,"tequila, mezcal",TequilaLiquorStore.com,TRUE,223.99,https://www.liquorstore-online.com/product_images/p_221764.webp
montelobos-espadin-joven-mezcal-70cl-43-2-abv,Montelobos - Espadin Joven Mezcal 70cl 43.2% ABV,Tequila,"tequila, mezcal",TequilaLiquorStore.com,TRUE,200.99,https://www.liquorstore-online.com/product_images/p_221765.webp
montelobos-pechuga-mezcal-70cl-47-9-abv,Montelobos - Pechuga Mezcal 70cl 47.9% ABV,Tequila,"tequila, mezcal",TequilaLiquorStore.com,TRUE,340.99,https://www.liquorstore-online.com/product_images/p_221766.webp
montelobos-tobala-mezcal-70cl-46-8-abv,Montelobos - Tobala Mezcal 70cl 46.8% ABV,Tequila,"tequila, mezcal",TequilaLiquorStore.com,TRUE,280.99,https://www.liquorstore-online.com/product_images/p_221767.webp
tesla-anejo-tequila-75cl-40-abv,Tesla - Anejo Tequila 75cl 40% ABV,Tequila,"tequila, anejo",TequilaLiquorStore.com,TRUE,2916.99,https://www.liquorstore-online.com/product_images/p_221879.webp
volcan-de-mi-tierra-blanco-tequila-750ml,Volcan De Mi Tierra Blanco Tequila 750ml,Tequila,"tequila, blanco",Volcan,TRUE,94.48,https://www.liquorstore-online.com/product_images/p_221891.webp
volcan-de-mi-tierra-reposado-tequila-750ml,Volcan De Mi Tierra Reposado Tequila 750ml,Tequila,"tequila, reposado",Volcan,TRUE,110.98,https://www.liquorstore-online.com/product_images/p_221892.webp
espolon-blanco-tequila-375ml,Espolon Blanco Tequila 375ml,Tequila,"tequila, blanco",Espolon,TRUE,63.49,https://www.liquorstore-online.com/product_images/p_221936.webp
pasote-reposado-tequila-70cl-40-abv,Pasote - Reposado Tequila 70cl 40% ABV,Tequila,"tequila, reposado",TequilaLiquorStore.com,TRUE,195.99,https://www.liquorstore-online.com/product_images/p_221946.webp
patron-xo-cafe-coffee-liqueur-750ml,Patron XO Cafe Coffee Liqueur  750ml,Tequila,tequila,Patron,TRUE,76.49,https://www.liquorstore-online.com/product_images/p_221958.webp
olmeca-altos-reposado-tequila-70cl-38-abv,Olmeca Altos - Reposado Tequila 70cl 38% ABV,Tequila,"tequila, reposado",Olmeca,TRUE,136.99,https://www.liquorstore-online.com/product_images/p_222072.webp
lobos-1707-joven-blanco-tequila-70cl-40-abv-lebron-james,Lobos 1707 - Joven Blanco Tequila 70cl 40% ABV (LeBron James),Tequila,"tequila, blanco",TequilaLiquorStore.com,TRUE,201.99,https://www.liquorstore-online.com/product_images/p_222191.webp
lobos-1707-reposado-tequila-70cl-40-abv-lebron-james,Lobos 1707 - Reposado Tequila 70cl 40% ABV (LeBron James),Tequila,"tequila, reposado",TequilaLiquorStore.com,TRUE,207.99,https://www.liquorstore-online.com/product_images/p_222192.webp
lunazul-reposado-tequila-375ml,Lunazul Reposado Tequila 375ml,Tequila,"tequila, reposado",Lunazul,TRUE,57.49,https://www.liquorstore-online.com/product_images/p_222217.webp
old-carbine-silver-tequila-gold-1l,Old Carbine Silver Tequila Gold 1L,Tequila,"tequila, blanco",Old Carbine,TRUE,170.49,https://www.liquorstore-online.com/product_images/p_222244.webp
clase-azul-mezcal-san-luis-potosi-750ml,Clase Azul Mezcal San Luis Potosi 750ml,Tequila,"tequila, mezcal",Clase Azul,TRUE,480.99,https://www.liquorstore-online.com/product_images/p_222367.webp
deleon-blanco-platinum-tequila-750ml,Deleon Blanco Platinum Tequila 750ml,Tequila,"tequila, blanco",Deleon Blanco,TRUE,75.49,https://www.liquorstore-online.com/product_images/p_222378.webp
astral-blanco-tequila-750ml,Astral Blanco Tequila 750ml,Tequila,"tequila, blanco",Astral,TRUE,65.48,https://www.liquorstore-online.com/product_images/p_222379.webp
el-tequileno-tequila-reposado-rare-750ml,El Tequileno Tequila Reposado Rare 750ml,Tequila,"tequila, reposado",El Tequileño,TRUE,264.99,https://www.liquorstore-online.com/product_images/p_222435.webp
casamigos-jalapeno-blanco-tequila-750ml,Casamigos Jalapeno Blanco Tequila 750ml,Tequila,"tequila, blanco",Casamigos,TRUE,91.49,https://www.liquorstore-online.com/product_images/p_222446.webp
religion-puro-organico-blanco-tequila-750ml,Religion Puro Organico Blanco Tequila 750ml,Tequila,"tequila, blanco",Religion Puro,TRUE,94.48,https://www.liquorstore-online.com/product_images/p_222466.webp
volcan-de-mi-tierra-b-t-blanco-tahona-tequila-70cl-38-abv,Volcan De Mi Tierra - B.T Blanco Tahona Tequila 70cl 38% ABV,Tequila,"tequila, blanco",Volcan de mi Tierra,TRUE,293.99,https://www.liquorstore-online.com/product_images/p_222628.webp
casa-noble-anejo-750ml-750ml,Casa Noble Anejo 750ml 750ml,Tequila,"tequila, anejo",Casa Noble,TRUE,110.99,https://www.liquorstore-online.com/product_images/p_226924.webp
libelula-tequila-anejo-750ml,Libelula Tequila Anejo 750ml,Tequila,"tequila, anejo",Libelula Tequila,TRUE,92.43,https://www.liquorstore-online.com/product_images/p_226934.webp
jose-cuervo-tradicional-plata-day-of-the-dead-edition-tequila-50cl-38-abv-includes-branded-glasses,Jose Cuervo - Tradicional Plata Day Of The Dead Edition Tequila 50cl 38% ABV (Includes Branded Glasses),Tequila,"tequila, blanco",Jose Cuervo,TRUE,131.99,https://www.liquorstore-online.com/product_images/p_226945.webp
arette-suave-blanco-tequila-70cl-38-abv,Arette - Suave Blanco Tequila 70cl 38% ABV,Tequila,"tequila, blanco",Arette,TRUE,218.99,https://www.liquorstore-online.com/product_images/p_227012.webp
arette-suave-anejo-tequila-70cl-38-abv,Arette - Suave Anejo Tequila 70cl 38% ABV,Tequila,"tequila, anejo",Arette,TRUE,286.99,https://www.liquorstore-online.com/product_images/p_227013.webp
teremana-reposado-tequila-1-75l,Teremana Reposado Tequila 1.75L,Tequila,"tequila, reposado",Teremana Reposado,TRUE,113.99,https://www.liquorstore-online.com/product_images/p_227070.webp
rooster-rojo-smoked-pineapple-tequila-70cl-38-abv,Rooster Rojo - Smoked Pineapple Tequila 70cl 38% ABV,Tequila,tequila,TequilaLiquorStore.com,TRUE,139.99,https://www.liquorstore-online.com/product_images/p_227603.webp
siembra-azul-blanco-tequila-750ml,Siembra Azul Blanco Tequila 750ml,Tequila,"tequila, blanco",Siembra Azul,TRUE,118.93,https://www.liquorstore-online.com/product_images/p_227704.webp
tierra-noble-blanco-tequila-70cl-40-abv-includes-jack-rudy-margarita-mix,Tierra Noble - Blanco Tequila 70cl 40% ABV (Includes Jack Rudy Margarita Mix),Tequila,"tequila, blanco",TequilaLiquorStore.com,TRUE,185.99,https://www.liquorstore-online.com/product_images/p_227748.webp
tierra-noble-reposado-tequila-70cl-40-abv-includes-jack-rudy-margarita-mix,Tierra Noble - Reposado Tequila 70cl 40% ABV (Includes Jack Rudy Margarita Mix),Tequila,"tequila, reposado",TequilaLiquorStore.com,TRUE,247.99,https://www.liquorstore-online.com/product_images/p_227749.webp
dangerous-don-cafe-mezcal-70cl-48-abv,Dangerous Don - Cafe Mezcal 70cl 48% ABV,Tequila,"tequila, mezcal",TequilaLiquorStore.com,TRUE,195.99,https://www.liquorstore-online.com/product_images/p_227765.webp
teremana-blanco-small-batch-tequila-70cl-40-abv-dwayne-the-rock-johnson,Teremana - Blanco Small Batch Tequila 70cl 40% ABV (Dwayne 'The Rock' Johnson),Tequila,"tequila, blanco",TequilaLiquorStore.com,TRUE,179.99,https://www.liquorstore-online.com/product_images/p_228306.webp
teremana-reposado-small-batch-tequila-70cl-40-abv-dwayne-the-rock-johnson,Teremana - Reposado Small Batch Tequila 70cl 40% ABV (Dwayne 'The Rock' Johnson),Tequila,"tequila, reposado",TequilaLiquorStore.com,TRUE,184.99,https://www.liquorstore-online.com/product_images/p_228307.webp
teremana-anejo-1l,Teremana Anejo 1L,Tequila,"tequila, anejo",Teremana Tequila,TRUE,94.49,https://www.liquorstore-online.com/product_images/p_228544.webp
pantalones-reposado-organico-750ml,Pantalones Reposado Organico 750ml,Tequila,"tequila, reposado",Pantalones Tequila,TRUE,89.49,https://www.liquorstore-online.com/product_images/p_228597.webp
two-fingers-white-tequila-750ml,Two Fingers White Tequila 750ml,Tequila,tequila,Two Fingers,TRUE,66.49,https://www.liquorstore-online.com/product_images/p_228728.webp
peloton-de-la-muerte-mezcal-750ml,Peloton De La Muerte Mezcal 750ml,Tequila,"tequila, mezcal",Peloton,TRUE,79.49,https://www.liquorstore-online.com/product_images/p_228733.webp
peloton-de-la-muerte-criollo-750ml,Peloton de la Muerte Criollo 750ml,Tequila,tequila,Peloton,TRUE,89.48,https://www.liquorstore-online.com/product_images/p_228766.webp
corazon-reposado-tequila-70cl-40-abv,Corazon - Reposado Tequila 70cl 40% ABV,Tequila,"tequila, reposado",TequilaLiquorStore.com,TRUE,139.99,https://www.liquorstore-online.com/product_images/p_228847.webp
corazon-blanco-tequila-70cl-40-abv,Corazon - Blanco Tequila 70cl 40% ABV,Tequila,"tequila, blanco",TequilaLiquorStore.com,TRUE,132.99,https://www.liquorstore-online.com/product_images/p_228848.webp
jose-cuervo-devil-s-reserve-tequila-750ml,Jose Cuervo Devil's Reserve Tequila 750ml,Tequila,tequila,Jose Cuervo,TRUE,71.49,https://www.liquorstore-online.com/product_images/p_228851.webp
maestro-dobel-50-extra-anejo-1973-tequila-70cl-40-abv,Maestro Dobel - 50 Extra Anejo 1973 Tequila 70cl 40% ABV,Tequila,"tequila, extra-anejo",Maestro Dobel,TRUE,1242.99,https://www.liquorstore-online.com/product_images/p_228900.webp
cincoro-blanco-tequila-70cl-40-abv-michael-jordan,Cincoro - Blanco Tequila 70cl 40% ABV (Michael Jordan),Tequila,"tequila, blanco",Cincoro,TRUE,247.99,https://www.liquorstore-online.com/product_images/p_228996.webp
cincoro-reposado-tequila-70cl-40-abv-michael-jordan,Cincoro - Reposado Tequila 70cl 40% ABV (Michael Jordan),Tequila,"tequila, reposado",Cincoro,TRUE,277.99,https://www.liquorstore-online.com/product_images/p_228997.webp
cincoro-anejo-tequila-70cl-40-abv-michael-jordan,Cincoro - Anejo Tequila 70cl 40% ABV (Michael Jordan),Tequila,"tequila, anejo",Cincoro,TRUE,362.99,https://www.liquorstore-online.com/product_images/p_228998.webp
pantalones-tequila-anejo-750ml,Pantalones Tequila Anejo 750ml,Tequila,"tequila, anejo",Pantalones Tequila,TRUE,96.49,https://www.liquorstore-online.com/product_images/p_229021.webp
ocho-anejo-agave-tequila-70cl-40-abv,Ocho - Anejo Agave Tequila 70cl 40% ABV,Tequila,"tequila, anejo",TequilaLiquorStore.com,TRUE,213.99,https://www.liquorstore-online.com/product_images/p_229168.webp
casino-azul-anejo-tequila-750ml,Casino Azul Anejo Tequila 750ml,Tequila,"tequila, anejo",Casino Azul,TRUE,132.99,https://www.liquorstore-online.com/product_images/p_229193.webp
patron-gran-patron-piedra-extra-anejo-tequila-70cl-40-abv,Patron - Gran Patron Piedra Extra Anejo Tequila 70cl 40% ABV,Tequila,"tequila, extra-anejo",Patron,TRUE,638.99,https://www.liquorstore-online.com/product_images/p_229216.webp
patron-patron-el-cielo-silver-tequila-70cl-40-abv,Patron - Patron El Cielo Silver Tequila 70cl 40% ABV,Tequila,"tequila, blanco",Patron,TRUE,408.99,https://www.liquorstore-online.com/product_images/p_229261.webp
teremana-blanco-tequila-1-75l,Teremana Blanco Tequila 1.75L,Tequila,"tequila, blanco",Teremana Blanco,TRUE,113.99,https://www.liquorstore-online.com/product_images/p_229340.webp
olmeca-altos-reposado-tequila-750ml,Olmeca Altos Reposado Tequila 750ml,Tequila,"tequila, reposado",Altos Tequila,TRUE,84.49,https://www.liquorstore-online.com/product_images/p_229366.webp
libelula-tequila-reposado-750ml,Libelula Tequila Reposado 750ml,Tequila,"tequila, reposado",Libelula Tequila,TRUE,84.43,https://www.liquorstore-online.com/product_images/p_229564.webp
rammstein-reposado-tequila-70cl-38-abv,Rammstein - Reposado Tequila 70cl 38% ABV,Tequila,"tequila, reposado",TequilaLiquorStore.com,TRUE,260.99,https://www.liquorstore-online.com/product_images/p_229676.webp
el-sueno-moda-watermelon-tequila-70cl-35-abv,El Sueno - Moda Watermelon Tequila 70cl 35% ABV,Tequila,tequila,TequilaLiquorStore.com,TRUE,135.99,https://www.liquorstore-online.com/product_images/p_229748.webp
el-sueno-moda-pink-grapefruit-tequila-70cl-35-abv,El Sueno - Moda Pink Grapefruit Tequila 70cl 35% ABV,Tequila,tequila,TequilaLiquorStore.com,TRUE,135.99,https://www.liquorstore-online.com/product_images/p_229749.webp
fuenteseca-reserva-anejo-11yr-750ml,Fuenteseca Reserva Anejo 11yr 750ml,Tequila,"tequila, anejo",Fuenteseca Reserva,TRUE,490.99,https://www.liquorstore-online.com/product_images/p_229913.webp
don-julio-1942-small-batch-anejo-tequila-70cl-38-abv,Don Julio - 1942 Small Batch Anejo Tequila 70cl 38% ABV,Tequila,"tequila, anejo",TequilaLiquorStore.com,TRUE,336.99,https://www.liquorstore-online.com/product_images/p_229915.webp
espolon-tequila-anejo-750ml,Espolon Tequila Anejo 750ml,Tequila,"tequila, anejo",Espolon,TRUE,93.49,https://www.liquorstore-online.com/product_images/p_229948.webp
espolon-cristalino-tequila-750ml,Espolon Cristalino Tequila 750ml,Tequila,"tequila, blanco",Espolon,TRUE,118.99,https://www.liquorstore-online.com/product_images/p_230223.webp
riazul-reposado-tequila-750ml,Riazul Reposado Tequila 750ml,Tequila,"tequila, reposado",Riazul,TRUE,111.99,https://www.liquorstore-online.com/product_images/p_230296.webp
teremana-anejo-small-batch-tequila-70cl-40-abv-dwayne-the-rock-johnson,Teremana - Anejo Small Batch Tequila 70cl 40% ABV (Dwayne 'The Rock' Johnson),Tequila,"tequila, anejo",TequilaLiquorStore.com,TRUE,196.99,https://www.liquorstore-online.com/product_images/p_230336.webp
seeds-cucumber-jalapeno-tequila-750ml,Seeds Cucumber Jalapeno Tequila 750ml,Tequila,tequila,Twenty One Seeds,TRUE,77.49,https://www.liquorstore-online.com/product_images/p_230354.webp
jose-cuervo-reserva-de-la-familia-ana-pellicer-edition-extra-anejo-tequila-70cl-38-abv,Jose Cuervo - Reserva De La Familia - Ana Pellicer Edition Extra Anejo Tequila 70cl 38% ABV,Tequila,"tequila, extra-anejo",Jose Cuervo,TRUE,421.99,https://www.liquorstore-online.com/product_images/p_230369.webp
alma-del-jaguar-tequila-anejo-750ml,Alma del Jaguar Tequila Anejo 750ml,Tequila,"tequila, anejo",Alma,TRUE,126.98,https://www.liquorstore-online.com/product_images/p_230438.webp
alma-del-jaguar-nocturna-blanco-750ml,Alma Del Jaguar Nocturna Blanco 750ml,Tequila,"tequila, blanco",Alma,TRUE,114.92,https://www.liquorstore-online.com/product_images/p_230440.webp
alma-del-jaguar-reposado-tequila-750ml,Alma Del Jaguar Reposado Tequila 750ml,Tequila,"tequila, reposado",Alma,TRUE,106.92,https://www.liquorstore-online.com/product_images/p_230441.webp
alma-del-jaguar-blanco-tequila-750ml,Alma Del Jaguar Blanco Tequila 750ml,Tequila,"tequila, blanco",Alma Del Jaguar,TRUE,90.48,https://www.liquorstore-online.com/product_images/p_230444.webp
casino-azul-reposado-tequila-750ml,Casino Azul Reposado Tequila 750ml,Tequila,"tequila, reposado",Casino Azul,TRUE,123.99,https://www.liquorstore-online.com/product_images/p_230480.webp
lamborghini-silver-tequila-750ml,Lamborghini Silver Tequila 750ml,Tequila,"tequila, blanco",Lamborghin I,TRUE,254.99,https://www.liquorstore-online.com/product_images/p_230526.webp
jose-cuervo-silver-reposado-tequila-70cl-x-2-100cl-x-2-35-abv-includes-margarita-mix-shot-glasses-hi,Jose Cuervo - Silver & Reposado Tequila 70cl x 2 + 100cl x 2 35% ABV (Includes Margarita Mix- Shot Glasses & Highball Glasses),Tequila,"tequila, reposado",Jose Cuervo,TRUE,207.99,https://www.liquorstore-online.com/product_images/p_230780.jpg
jose-cuervo-especial-reposado-tequila-70cl-35-abv-includes-margarita-mix-rocks-glasses,Jose Cuervo - Especial Reposado Tequila 70cl 35% ABV (Includes Margarita Mix & Rocks Glasses),Tequila,"tequila, reposado",Jose Cuervo,TRUE,175.99,https://www.liquorstore-online.com/product_images/p_230897.webp
jose-cuervo-especial-silver-tequila-70cl-35-abv-includes-margarita-mix-rocks-glasses,Jose Cuervo - Especial Silver Tequila 70cl 35% ABV (Includes Margarita Mix & Rocks Glasses),Tequila,"tequila, blanco",Jose Cuervo,TRUE,175.99,https://www.liquorstore-online.com/product_images/p_230898.jpg
fortaleza-winter-blend-2023-reposado-tequila-70cl-44-abv,Fortaleza - Winter Blend 2023 Reposado Tequila 70cl 44% ABV,Tequila,"tequila, reposado",Fortaleza,TRUE,920.99,https://www.liquorstore-online.com/product_images/p_230958.webp
scorpion-mezcal-anejo-5-year-750ml,Scorpion Mezcal Anejo 5 Year 750ml,Tequila,"tequila, mezcal, anejo",Scorpion Mezcal,TRUE,275.99,https://www.liquorstore-online.com/product_images/p_231170.webp
patron-anejo-cristalino-tequila-750ml,Patron Anejo Cristalino Tequila 750ml,Tequila,"tequila, anejo",Patron Tequila,TRUE,116.99,https://www.liquorstore-online.com/product_images/p_231298.webp
maestro-dobel-diamante-tequila-cristalino-1-75l,Maestro Dobel Diamante Tequila Cristalino 1.75L,Tequila,"tequila, blanco",Maestro Dobel,TRUE,184.49,https://www.liquorstore-online.com/product_images/p_231323.webp
don-julio-primavera-reposado-limited-edition-tequila-75cl-40-abv,Don Julio - Primavera Reposado Limited Edition Tequila 75cl 40% ABV,Tequila,"tequila, reposado",TequilaLiquorStore.com,TRUE,336.99,https://www.liquorstore-online.com/product_images/p_231462.webp
don-ramon-platinum-reposado-cristalino-750ml,Don Ramon Platinum Reposado Cristalino 750ml,Tequila,"tequila, reposado",Don Ramon,TRUE,110.99,https://www.liquorstore-online.com/product_images/p_231477.webp
nycc-negroni-mezcalito-375ml,NYCC Negroni Mezcalito 375ml,Tequila,"tequila, mezcal",NYCC Negroni,TRUE,71.48,https://www.liquorstore-online.com/product_images/p_231478.webp
don-julio-1942-peggy-gou-limited-edition-anejo-tequila-70cl-38-abv,Don Julio - 1942 Peggy Gou Limited Edition Anejo Tequila 70cl 38% ABV,Tequila,"tequila, anejo",TequilaLiquorStore.com,TRUE,515.99,https://www.liquorstore-online.com/product_images/p_231601.webp
818-tequila-blanco-by-kendall-jenner-750ml,818 Tequila Blanco by Kendall Jenner 750ml,Tequila,"tequila, blanco",818,TRUE,80.49,https://www.liquorstore-online.com/product_images/p_244390.webp
el-tequileno-blanco-1l,El Tequileno Blanco 1L,Tequila,"tequila, blanco",El Tequileno,TRUE,75.49,https://www.liquorstore-online.com/product_images/p_247570.webp
rock-n-roll-strawberry-tequila-750ml,Rock N Roll Strawberry Tequila 750ml,Tequila,tequila,Rock N Roll,TRUE,82.49,https://www.liquorstore-online.com/product_images/p_247572.webp
etereo-plata-tequila-70cl-40-abv,Etereo - Plata Tequila 70cl 40% ABV,Tequila,"tequila, blanco",TequilaLiquorStore.com,TRUE,175.99,https://www.liquorstore-online.com/product_images/p_247623.webp
etereo-reposado-tequila-70cl-40-abv,Etereo - Reposado Tequila 70cl 40% ABV,Tequila,"tequila, reposado",TequilaLiquorStore.com,TRUE,214.99,https://www.liquorstore-online.com/product_images/p_247624.webp
etereo-extra-anejo-tequila-70cl-40-abv,Etereo - Extra Anejo Tequila 70cl 40% ABV,Tequila,"tequila, extra-anejo",TequilaLiquorStore.com,TRUE,362.99,https://www.liquorstore-online.com/product_images/p_247625.webp
mijenta-reposado-100-agave-tequila-70cl-40-abv-glass-pack,Mijenta - Reposado 100% Agave Tequila 70cl 40% ABV Glass Pack,Tequila,"tequila, reposado",TequilaLiquorStore.com,TRUE,207.99,https://www.liquorstore-online.com/product_images/p_247735.webp
mijenta-blanco-100-agave-tequila-70cl-40-abv-glass-pack,Mijenta - Blanco 100% Agave Tequila 70cl 40% ABV Glass Pack,Tequila,"tequila, blanco",TequilaLiquorStore.com,TRUE,187.99,https://www.liquorstore-online.com/product_images/p_247736.jpg
tres-tribus-ensamble-mezcal-70cl-44-abv,Tres Tribus - Ensamble Mezcal 70cl 44% ABV,Tequila,"tequila, mezcal",TequilaLiquorStore.com,TRUE,188.99,https://www.liquorstore-online.com/product_images/p_247737.webp
hacien-pineapple-blanco-tequila-70cl-38-abv,Hacien - Pineapple Blanco Tequila 70cl 38% ABV,Tequila,"tequila, blanco",TequilaLiquorStore.com,TRUE,192.99,https://www.liquorstore-online.com/product_images/p_247812.jpg
patron-el-alto-reposado-tequila-70cl-40-abv-gift-box,Patron - El Alto Reposado Tequila 70cl 40% ABV (Gift Box),Tequila,"tequila, reposado",Patron,TRUE,440.99,https://www.liquorstore-online.com/product_images/p_248080.webp
scorpion-mezcal-reposado-750ml,Scorpion Mezcal Reposado 750ml,Tequila,"tequila, mezcal, reposado",Scorpion Mezcal,TRUE,96.48,https://www.liquorstore-online.com/product_images/p_248120.webp
gran-coramino-tequila-reposado-750ml,Gran Coramino Tequila Reposado 750ml,Tequila,"tequila, reposado",Gran Coramino Tequila,TRUE,85.49,https://www.liquorstore-online.com/product_images/p_248245.webp
g4-premium-tequila-reposado-750ml,G4 Premium Tequila Reposado 750ml,Tequila,"tequila, reposado",G4 Premium,TRUE,110.99,https://www.liquorstore-online.com/product_images/p_248246.webp
pantalones-blanco-tequila-70cl-40-abv-matthew-mcconaughey,Pantalones - Blanco Tequila 70cl 40% ABV (Matthew McConaughey),Tequila,"tequila, blanco",TequilaLiquorStore.com,TRUE,185.99,https://www.liquorstore-online.com/product_images/p_248259.webp
pantalones-anejo-tequila-70cl-40-abv-matthew-mcconaughey,Pantalones - Anejo Tequila 70cl 40% ABV (Matthew McConaughey),Tequila,"tequila, anejo",TequilaLiquorStore.com,TRUE,200.99,https://www.liquorstore-online.com/product_images/p_248260.webp
fortaleza-winter-blend-2024-reposado-tequila-70cl-46-5-abv0,Fortaleza - Winter Blend 2024 Reposado Tequila 70cl 46.5% ABV0,Tequila,"tequila, reposado",Fortaleza,TRUE,920.99,https://www.liquorstore-online.com/product_images/p_248334.webp
jose-cuervo-day-of-the-dead-edition-tradicional-plata-tequila-50cl-38-abv-includes-margarita-mix-roc,Jose Cuervo - Day Of The Dead Edition Tradicional Plata Tequila 50cl 38% ABV (Includes Margarita Mix & Rocks Glass),Tequila,"tequila, blanco",Jose Cuervo,TRUE,141.99,https://www.liquorstore-online.com/product_images/p_248574.webp
1800-cristalino-anejo-tequila-70cl-35-abv-includes-branded-glasses,1800 - Cristalino Anejo Tequila 70cl 35% ABV (Includes Branded Glasses),Tequila,"tequila, anejo",TequilaLiquorStore.com,TRUE,201.99,https://www.liquorstore-online.com/product_images/p_248635.webp
casamigos-blanco-tequila-70cl-40-abv-george-clooney,Casamigos - Blanco Tequila 70cl 40% ABV (George Clooney),Tequila,"tequila, blanco",Casamigos,TRUE,188.99,https://www.liquorstore-online.com/product_images/p_248893.webp
don-julio-blanco-tequila-70cl-38-abv,Don Julio - Blanco Tequila 70cl 38% ABV,Tequila,"tequila, blanco",TequilaLiquorStore.com,TRUE,188.99,https://www.liquorstore-online.com/product_images/p_248894.webp
don-julio-reposado-tequila-70cl-38-abv,Don Julio - Reposado Tequila 70cl 38% ABV,Tequila,"tequila, reposado",TequilaLiquorStore.com,TRUE,201.99,https://www.liquorstore-online.com/product_images/p_248895.webp
don-julio-70-cristalino-anejo-tequila-70cl-35-abv,Don Julio - 70 Cristalino Anejo Tequila 70cl 35% ABV,Tequila,"tequila, anejo",TequilaLiquorStore.com,TRUE,260.99,https://www.liquorstore-online.com/product_images/p_248912.webp
don-julio-1942-rosado-reposado-tequila-70cl-40-abv,Don Julio - 1942 Rosado Reposado Tequila 70cl 40% ABV,Tequila,"tequila, reposado",TequilaLiquorStore.com,TRUE,356.99,https://www.liquorstore-online.com/product_images/p_248925.webp
peurto-vallarta-puerto-vallarta-gold-750ml,Peurto Vallarta Puerto Vallarta Gold 750ml,Tequila,tequila,Peurto Vallarta,TRUE,63.49,https://www.liquorstore-online.com/product_images/p_248948.webp
casino-azul-jaguar-anejo-tequila-1-75l,Casino Azul Jaguar Anejo Tequila 1.75L,Tequila,"tequila, anejo",Casino Azul,TRUE,338.49,https://www.liquorstore-online.com/product_images/p_248976.webp
818-tequila-reposado-750ml,818 Tequila Reposado 750ml,Tequila,"tequila, reposado",818,TRUE,89.49,https://www.liquorstore-online.com/product_images/p_248989.webp
maestro-dobel-diamante-tequila-cristalino-200ml,Maestro Dobel Diamante Tequila Cristalino 200ml,Tequila,"tequila, blanco",Maestro Dobel,TRUE,67.49,https://www.liquorstore-online.com/product_images/p_249041.webp
pantalones-reposado-tequila-75cl-40-abv-matthew-mcconaughey,Pantalones - Reposado Tequila 75cl 40% ABV (Matthew McConaughey),Tequila,"tequila, reposado",TequilaLiquorStore.com,TRUE,195.99,https://www.liquorstore-online.com/product_images/p_249145.webp
agua-magica-mezcal-750ml,Agua Magica Mezcal 750ml,Tequila,"tequila, mezcal",Agua Mágica,TRUE,113.99,https://www.liquorstore-online.com/product_images/p_249161.webp
agua-magica-mezcal-espadin-capon-750ml,Agua Magica Mezcal Espadin Capon 750ml,Tequila,"tequila, mezcal",Agua Mágica,TRUE,86.49,https://www.liquorstore-online.com/product_images/p_249162.webp
adictivo-tequila-anejo-750-ml,Adictivo Tequila Anejo-750 ML,Tequila,"tequila, anejo",Adictivo,TRUE,133.99,https://www.liquorstore-online.com/product_images/p_249355.webp
adictivo-tequila-black-edition-extra-anejo-1-75-liter-1-75-l,Adictivo Tequila Black Edition Extra Anejo 1.75 Liter-1.75 L,Tequila,"tequila, extra-anejo",Adictivo,TRUE,397.99,https://www.liquorstore-online.com/product_images/p_249356.webp
adictivo-tequila-doble-reposado-750-ml,Adictivo Tequila Doble Reposado-750 ML,Tequila,"tequila, reposado",Adictivo,TRUE,133.99,https://www.liquorstore-online.com/product_images/p_249357.webp
adictivo-tequila-extra-anejo-750-ml,Adictivo Tequila Extra Anejo-750 ML,Tequila,"tequila, extra-anejo",Adictivo,TRUE,185.49,https://www.liquorstore-online.com/product_images/p_249358.webp
aman-reposado-tequila-750-ml,Aman Reposado Tequila-750 ML,Tequila,"tequila, reposado",Aman,TRUE,113.99,https://www.liquorstore-online.com/product_images/p_249359.webp
avion-tequila-silver-1-liter-1-liter,Avion Tequila Silver 1 Liter-1 Liter,Tequila,"tequila, blanco",Avion,TRUE,123.99,https://www.liquorstore-online.com/product_images/p_249363.webp
casa-1921-tequila-reposado-750-ml,Casa 1921 Tequila Reposado-750 ML,Tequila,"tequila, reposado",Casa 1921,TRUE,110.99,https://www.liquorstore-online.com/product_images/p_249377.webp
casamigos-tequila-anejo-750-ml,Casamigos Tequila Anejo-750 ML,Tequila,"tequila, anejo",Casamigos,TRUE,123.99,https://www.liquorstore-online.com/product_images/p_249378.webp
clase-azul-gold-tequila-750-ml,Clase Azul Gold Tequila-750 ML,Tequila,tequila,Clase Azul,TRUE,457.99,https://www.liquorstore-online.com/product_images/p_249380.webp
clase-azul-plata-tequila-750-ml,Clase Azul Plata Tequila-750 ML,Tequila,"tequila, blanco",Clase Azul,TRUE,215.49,https://www.liquorstore-online.com/product_images/p_249381.webp
deleon-blanco-tequila-375-ml,Deleon Blanco Tequila-375 ML,Tequila,"tequila, blanco",Deleon,TRUE,96.49,https://www.liquorstore-online.com/product_images/p_249389.webp
don-julio-1942-tequila-anejo-750-ml,Don Julio 1942 Tequila Anejo-750 ML,Tequila,"tequila, anejo",Don Julio,TRUE,328.49,https://www.liquorstore-online.com/product_images/p_249390.webp
don-julio-blanco-tequila-750-ml,Don Julio Blanco Tequila-750 ML,Tequila,"tequila, blanco",Don Julio,TRUE,123.99,https://www.liquorstore-online.com/product_images/p_249391.webp
don-julio-reposado-tequila-750-ml,Don Julio Reposado Tequila-750 ML,Tequila,"tequila, reposado",Don Julio,TRUE,123.99,https://www.liquorstore-online.com/product_images/p_249392.webp
dos-hombres-mezcal-artesanal-joven-espadin-750-ml,Dos Hombres Mezcal Artesanal Joven Espadin-750 ML,Tequila,"tequila, mezcal",Dos Hombres,TRUE,123.99,https://www.liquorstore-online.com/product_images/p_249393.webp
jose-cuervo-especial-blue-agave-silver-tequila-750-ml,Jose Cuervo Especial Blue Agave Silver Tequila-750 ML,Tequila,"tequila, blanco",Jose Cuervo,TRUE,76.49,https://www.liquorstore-online.com/product_images/p_249414.webp
jose-cuervo-tradicional-silver-tequila-1-liter,Jose Cuervo Tradicional Silver Tequila-1 Liter,Tequila,"tequila, blanco",Jose Cuervo,TRUE,96.49,https://www.liquorstore-online.com/product_images/p_249415.webp
100-anos-tequila-blanco-750-ml,100 Anos Tequila Blanco-750 ML,Tequila,"tequila, blanco",100 Anos,TRUE,76.49,https://www.liquorstore-online.com/product_images/p_249416.webp
komos-reposado-rosa-tequila-750-ml,Komos Reposado Rosa Tequila-750 ML,Tequila,"tequila, reposado",komos,TRUE,200.49,https://www.liquorstore-online.com/product_images/p_249419.webp
monte-alban-mezcal-con-gusano-750-ml,Monte Alban Mezcal Con Gusano-750 ML,Tequila,"tequila, mezcal",Monte Alban,TRUE,78.49,https://www.liquorstore-online.com/product_images/p_249423.webp
montelobos-mezcal-artesanal-joven-espadin-750-ml,Montelobos Mezcal Artesanal Joven Espadin-750 ML,Tequila,"tequila, mezcal",Montelobos,TRUE,105.99,https://www.liquorstore-online.com/product_images/p_249424.webp
teremana-tequila-blanco-small-batch-750-ml,Teremana Tequila Blanco Small Batch-750 ML,Tequila,"tequila, blanco",Teremana,TRUE,86.49,https://www.liquorstore-online.com/product_images/p_249436.webp
teremana-tequila-reposado-small-batch-750-ml,Teremana Tequila Reposado Small Batch-750 ML,Tequila,"tequila, reposado",Teremana,TRUE,89.49,https://www.liquorstore-online.com/product_images/p_249437.webp
teremana-tequila-anejo-small-batch-750-ml,Teremana Tequila Anejo Small Batch-750 ML,Tequila,"tequila, anejo",Teremana,TRUE,110.99,https://www.liquorstore-online.com/product_images/p_249438.webp
tres-generaciones-tequila-anejo-750-ml,Tres Generaciones Tequila Anejo-750 ML,Tequila,"tequila, anejo",Tres Generaciones,TRUE,96.49,https://www.liquorstore-online.com/product_images/p_249441.webp
solento-organic-anejo-tequila-750-ml,Solento Organic Anejo Tequila-750 ML,Tequila,"tequila, anejo",Solento,TRUE,128.99,https://www.liquorstore-online.com/product_images/p_249458.webp
casa-del-sol-tequila-reposado-750-ml,Casa Del Sol Tequila Reposado-750 ML,Tequila,"tequila, reposado",Casa Del Sol,TRUE,133.99,https://www.liquorstore-online.com/product_images/p_249469.webp
rey-supremo-tequila-blanco-gran-reserve-750-ml,Rey Supremo Tequila Blanco Gran Reserve-750 ML,Tequila,"tequila, blanco",Rey Supremo,TRUE,96.49,https://www.liquorstore-online.com/product_images/p_249470.webp
gran-centenario-cristalino-anejo-tequila-750-ml,Gran Centenario Cristalino Anejo Tequila-750 ML,Tequila,"tequila, anejo",Gran Centenario,TRUE,143.99,https://www.liquorstore-online.com/product_images/p_249489.webp
1800-anejo-tequila-750-ml,1800 Anejo Tequila-750 ML,Tequila,"tequila, anejo",1800,TRUE,137.99,https://www.liquorstore-online.com/product_images/p_249490.webp
casamigos-tequila-reposado-cristalino-750-ml,Casamigos Tequila Reposado Cristalino-750 ML,Tequila,"tequila, reposado",Casamigos,TRUE,126.99,https://www.liquorstore-online.com/product_images/p_249535.webp
don-julio-tequila-anejo-70th-anniversary-limited-edition-750-ml,Don Julio Tequila Anejo 70th Anniversary Limited Edition-750 ML,Tequila,"tequila, anejo",Don Julio,TRUE,143.99,https://www.liquorstore-online.com/product_images/p_249542.webp
patron-tequila-silver-el-cielo-700-ml,Patron Tequila Silver El Cielo-700 ML,Tequila,"tequila, blanco",Patron,TRUE,184.49,https://www.liquorstore-online.com/product_images/p_249544.webp
bruxo-mezcal-artesanal-joven-no-1-espadin-750-ml,Bruxo Mezcal Artesanal Joven No. 1 Espadin-750 ML,Tequila,"tequila, mezcal",BRUXO,TRUE,107.99,https://www.liquorstore-online.com/product_images/p_249672.webp
casamigos-mezcal-joven-750-ml,Casamigos Mezcal Joven-750 ML,Tequila,"tequila, mezcal",Casamigos,TRUE,133.99,https://www.liquorstore-online.com/product_images/p_249673.webp
the-lost-explorer-mezcal-espadin-750-ml,The Lost Explorer Mezcal Espadin-750 ML,Tequila,"tequila, mezcal",The Lost Explorer,TRUE,119.99,https://www.liquorstore-online.com/product_images/p_249674.webp
vago-mezcal-espadin-by-joel-barriga-750-ml,Vago Mezcal Espadin By Joel Barriga-750 ML,Tequila,"tequila, mezcal",Vago,TRUE,111.99,https://www.liquorstore-online.com/product_images/p_249675.webp
yola-mezcal-artesanal-joven-750-ml,Yola Mezcal Artesanal Joven-750 ML,Tequila,"tequila, mezcal",Yola,TRUE,112.99,https://www.liquorstore-online.com/product_images/p_249676.webp
nosotros-life-and-spirits-joven-mezcal-750-ml,Nosotros Life and Spirits Joven Mezcal-750 ML,Tequila,"tequila, mezcal",Nosotros,TRUE,113.99,https://www.liquorstore-online.com/product_images/p_249677.webp
los-javis-espadin-joven-mezcal-750-ml,Los Javis Espadin Joven Mezcal-750 ML,Tequila,"tequila, mezcal",Los Javis,TRUE,96.49,https://www.liquorstore-online.com/product_images/p_249678.webp
agave-de-cortes-joven-mezcal-750-ml,Agave de Cortes Joven Mezcal-750 ML,Tequila,"tequila, mezcal",Agave de Cortes,TRUE,106.99,https://www.liquorstore-online.com/product_images/p_249679.webp
zignum-reposado-mezcal-750-ml,Zignum Reposado Mezcal-750 ML,Tequila,"tequila, mezcal, reposado",Zignum Mezcal,TRUE,106.99,https://www.liquorstore-online.com/product_images/p_249680.webp
quiereme-mucho-cuishe-mezcal-750-ml,Quiereme Mucho Cuishe Mezcal-750 ML,Tequila,"tequila, mezcal",Quiereme Mucho,TRUE,118.99,https://www.liquorstore-online.com/product_images/p_249681.webp
koch-el-mezcal-artesanal-espadin-750-ml,Koch El Mezcal Artesanal Espadin-750 ML,Tequila,"tequila, mezcal",Koch El Mezcal,TRUE,96.49,https://www.liquorstore-online.com/product_images/p_249682.webp
quiereme-mucho-espadin-mezcal-750-ml,Quiereme Mucho Espadin Mezcal-750 ML,Tequila,"tequila, mezcal",Quiereme Mucho,TRUE,118.99,https://www.liquorstore-online.com/product_images/p_249683.webp
quiereme-mucho-tobala-mezcal-750-ml,Quiereme Mucho Tobala Mezcal-750 ML,Tequila,"tequila, mezcal",Quiereme Mucho,TRUE,138.99,https://www.liquorstore-online.com/product_images/p_249684.webp
quiereme-mucho-tepextat-mezcal-750-ml,Quiereme Mucho Tepextat Mezcal-750 ML,Tequila,"tequila, mezcal",Quiereme Mucho,TRUE,141.99,https://www.liquorstore-online.com/product_images/p_249685.webp
aman-tequila-blanco-750-ml,Aman Tequila Blanco-750 ML,Tequila,"tequila, blanco",Aman,TRUE,128.99,https://www.liquorstore-online.com/product_images/p_249750.webp
rey-supremo-tequila-anejo-gran-reserve-750-ml,Rey Supremo Tequila Anejo Gran Reserve-750 ML,Tequila,"tequila, anejo",Rey Supremo,TRUE,121.99,https://www.liquorstore-online.com/product_images/p_249752.webp
tanteo-tequila-blanco-habanero-peppers-750-ml,Tanteo Tequila Blanco Habanero Peppers-750 ML,Tequila,"tequila, blanco",Tanteo,TRUE,112.99,https://www.liquorstore-online.com/product_images/p_249753.webp
tanteo-tequila-blanco-jalapeno-750-ml,Tanteo Tequila Blanco Jalapeno-750 ML,Tequila,"tequila, blanco",Tanteo,TRUE,112.99,https://www.liquorstore-online.com/product_images/p_249754.webp
tepozan-tequila-blanco-750-ml,Tepozan Tequila Blanco-750 ML,Tequila,"tequila, blanco",Tepozan,TRUE,112.99,https://www.liquorstore-online.com/product_images/p_249755.webp
tepozan-tequila-anejo-750-ml,Tepozan Tequila Anejo-750 ML,Tequila,"tequila, anejo",Tepozan,TRUE,124.99,https://www.liquorstore-online.com/product_images/p_249756.webp
coa-de-jima-tequila-reposado-750-ml,Coa De Jima Tequila Reposado-750 ML,Tequila,"tequila, reposado",Coa de Jima,TRUE,78.49,https://www.liquorstore-online.com/product_images/p_249757.webp
desert-door-texas-sotol-80-proof-750-ml,Desert Door Texas Sotol 80 Proof-750 ML,Tequila,tequila,Desert Door,TRUE,106.99,https://www.liquorstore-online.com/product_images/p_249758.webp
tres-generaciones-tequila-anejo-cristalino-750-ml,Tres Generaciones Tequila Anejo Cristalino-750 ML,Tequila,"tequila, anejo",Tres Generaciones,TRUE,105.99,https://www.liquorstore-online.com/product_images/p_249759.webp
los-sundays-tequila-blanco-750-ml,Los Sundays Tequila Blanco-750 ML,Tequila,"tequila, blanco",Los Sundays,TRUE,93.49,https://www.liquorstore-online.com/product_images/p_249760.webp
clase-azul-tequila-reposado-750-ml,Clase Azul Tequila Reposado-750 ML,Tequila,"tequila, reposado",Clase Azul,TRUE,318.49,https://www.liquorstore-online.com/product_images/p_249761.webp
818-tequila-blanco-750-ml,818 Tequila Blanco-750 ML,Tequila,"tequila, blanco",818,TRUE,109.99,https://www.liquorstore-online.com/product_images/p_249762.webp
tres-agaves-tequila-blanco-750-ml,Tres Agaves Tequila Blanco-750 ML,Tequila,"tequila, blanco",Tres Agaves,TRUE,93.49,https://www.liquorstore-online.com/product_images/p_249763.webp
gran-centenario-plata-tequila-750-ml,Gran Centenario Plata Tequila-750 ML,Tequila,"tequila, blanco",Gran Centenario,TRUE,91.49,https://www.liquorstore-online.com/product_images/p_249764.webp
herradura-legend-anejo-tequila-750-ml,Herradura Legend Anejo Tequila-750 ML,Tequila,"tequila, anejo",Herradura,TRUE,235.99,https://www.liquorstore-online.com/product_images/p_249765.webp
milagro-anejo-tequila-750-ml,Milagro Anejo Tequila-750 ML,Tequila,"tequila, anejo",Milagro,TRUE,108.99,https://www.liquorstore-online.com/product_images/p_249766.webp
ghost-blanco-tequila-750-ml,Ghost Blanco Tequila-750 ML,Tequila,"tequila, blanco",Ghost,TRUE,93.49,https://www.liquorstore-online.com/product_images/p_249767.webp
partida-blanco-tequila-750-ml,Partida Blanco Tequila-750 ML,Tequila,"tequila, blanco",Partida,TRUE,104.99,https://www.liquorstore-online.com/product_images/p_249768.webp
asombroso-11-year-old-extra-anejo-tequila-750-ml,AsomBroso 11 Year Old Extra Anejo Tequila-750 ML,Tequila,"tequila, extra-anejo",Asombroso,TRUE,687.99,https://www.liquorstore-online.com/product_images/p_249769.webp
nosotros-life-and-spirits-reposado-tequila-750-ml,Nosotros Life and Spirits Reposado Tequila-750 ML,Tequila,"tequila, reposado",Nosotros,TRUE,96.49,https://www.liquorstore-online.com/product_images/p_249770.webp
partida-anejo-tequila-750-ml,Partida Anejo Tequila-750 ML,Tequila,"tequila, anejo",Partida,TRUE,113.99,https://www.liquorstore-online.com/product_images/p_249771.webp
maestro-dobel-pavito-tequilla-750-ml,Maestro Dobel Pavito Tequilla-750 ML,Tequila,tequila,Maestro Dobel,TRUE,120.99,https://www.liquorstore-online.com/product_images/p_249772.webp
don-fulano-blanco-fuerte-100-proof-tequila-750-ml,Don Fulano Blanco Fuerte 100 Proof Tequila-750 ML,Tequila,"tequila, blanco",Don Fulano,TRUE,115.99,https://www.liquorstore-online.com/product_images/p_249773.webp
asombroso-silver-tequila-750-ml,Asombroso Silver Tequila-750 ML,Tequila,"tequila, blanco",Asombroso,TRUE,96.49,https://www.liquorstore-online.com/product_images/p_249774.webp
azunia-anejo-tequila-reserve-750-ml,Azunia Anejo Tequila Reserve-750 ML,Tequila,"tequila, anejo",Azunia,TRUE,133.99,https://www.liquorstore-online.com/product_images/p_249775.webp
casa-pecados-reposado-tequilla-750-ml,Casa Pecados Reposado Tequilla-750 ML,Tequila,"tequila, reposado",Casa Pecados,TRUE,136.99,https://www.liquorstore-online.com/product_images/p_249776.webp
patsch-blanco-tequilla-750-ml,Patsch Blanco Tequilla-750 ML,Tequila,"tequila, blanco",Patsch,TRUE,96.49,https://www.liquorstore-online.com/product_images/p_249777.webp
patsch-anejo-tequilla-750-ml,Patsch Anejo Tequilla-750 ML,Tequila,"tequila, anejo",Patsch,TRUE,123.99,https://www.liquorstore-online.com/product_images/p_249778.webp
milagro-silver-tequila-750-ml,Milagro Silver Tequila-750 ML,Tequila,"tequila, blanco",Milagro,TRUE,87.49,https://www.liquorstore-online.com/product_images/p_249779.webp
partida-reposado-tequila-750-ml,Partida Reposado Tequila-750 ML,Tequila,"tequila, reposado",Partida,TRUE,113.99,https://www.liquorstore-online.com/product_images/p_249780.webp
corralejo-1821-extra-anejo-tequila-750-ml,Corralejo 1821 Extra Anejo Tequila-750 ML,Tequila,"tequila, extra-anejo",Corralejo,TRUE,240.99,https://www.liquorstore-online.com/product_images/p_249781.webp
asombroso-el-carbonzado-tequila-750-ml,AsomBroso El Carbonzado Tequila-750 ML,Tequila,tequila,Asombroso,TRUE,607.99,https://www.liquorstore-online.com/product_images/p_249782.webp
maestro-dobel-50-cristalino-extra-anejo-tequila-750-ml,Maestro Dobel 50 Cristalino Extra Anejo Tequila-750 ML,Tequila,"tequila, extra-anejo",Maestro Dobel,TRUE,275.99,https://www.liquorstore-online.com/product_images/p_249877.webp
mijenta-tequila-blanco-750-ml,Mijenta Tequila Blanco-750 ML,Tequila,"tequila, blanco",Altos Planos Inc,TRUE,113.99,https://www.liquorstore-online.com/product_images/p_249882.webp
cava-de-oro-anejo-tequila-750-ml,Cava De Oro Anejo Tequila-750 ML,Tequila,"tequila, anejo",Cava De Oro,TRUE,126.99,https://www.liquorstore-online.com/product_images/p_249883.webp
la-gritona-reposado-700-ml,La Gritona Reposado-700 ML,Tequila,"tequila, reposado",La Gritona,TRUE,113.99,https://www.liquorstore-online.com/product_images/p_249884.webp
mezcal-de-leyendas-san-luis-potosi-verde-750-ml,Mezcal De Leyendas San Luis Potosi Verde-750 ML,Tequila,"tequila, mezcal",Mezcal De Leyendas,TRUE,112.99,https://www.liquorstore-online.com/product_images/p_249885.webp
siete-leguas-anejo-tequila-700-ml,Siete Leguas Anejo Tequila-700 ML,Tequila,"tequila, anejo",Siete Leguas,TRUE,175.49,https://www.liquorstore-online.com/product_images/p_249920.webp
otr-on-the-rocks-the-margarita-crafted-with-hornitos-tequila-750-ml,Otr-On The Rocks The Margarita Crafted With Hornitos Tequila-750 ML,Tequila,tequila,Otr-On The Rocks,TRUE,78.49,https://www.liquorstore-online.com/product_images/p_249923.webp
contraluz-mezcal-artesanal-reposado-cristalino-700-ml,Contraluz Mezcal Artesanal Reposado Cristalino-700 ML,Tequila,"tequila, mezcal, reposado",Contraluz,TRUE,115.99,https://www.liquorstore-online.com/product_images/p_249927.webp
don-julio-alma-miel-joven-tequila-750-ml,Don Julio Alma Miel Joven Tequila-750 ML,Tequila,tequila,Don Julio,TRUE,175.49,https://www.liquorstore-online.com/product_images/p_249935.webp
margaritaville-calypso-coconut-tequila-750-ml,Margaritaville Calypso Coconut Tequila-750 ML,Tequila,tequila,Margaritaville,TRUE,64.49,https://www.liquorstore-online.com/product_images/p_249939.webp
corazon-anejo-tequila-750-ml,Corazon Anejo Tequila-750 ML,Tequila,"tequila, anejo",Corazon,TRUE,90.49,https://www.liquorstore-online.com/product_images/p_249960.webp
corazon-reposado-tequila-750-ml,Corazon Reposado Tequila-750 ML,Tequila,"tequila, reposado",Corazon,TRUE,81.49,https://www.liquorstore-online.com/product_images/p_249961.webp
los-vecinos-del-campo-espadin-mezcal-750-ml,Los Vecinos Del Campo Espadin Mezcal-750 ML,Tequila,"tequila, mezcal",Los Vecinos,TRUE,113.99,https://www.liquorstore-online.com/product_images/p_249980.webp
margaritaville-gold-tequila-750-ml,Margaritaville Gold Tequila-750 ML,Tequila,tequila,Margaritaville,TRUE,71.49,https://www.liquorstore-online.com/product_images/p_249981.webp
margaritaville-island-lime-tequila-750-ml,Margaritaville Island Lime Tequila-750 ML,Tequila,tequila,Margaritaville,TRUE,64.49,https://www.liquorstore-online.com/product_images/p_249982.webp
san-matias-anejo-cristalino-750-ml,San Matias Anejo Cristalino-750 ML,Tequila,"tequila, anejo",San Matias,TRUE,93.49,https://www.liquorstore-online.com/product_images/p_249994.webp
volcan-de-mi-tierra-tequila-xa-reposado-f1-limited-edition-750-ml,Volcan De Mi Tierra Tequila XA Reposado F1 Limited Edition-750 ML,Tequila,"tequila, reposado",Volcan de mi Tierra,TRUE,298.49,https://www.liquorstore-online.com/product_images/p_250016.webp
tres-generaciones-tequila-anejo-50th-anniversary-legacy-edition-750-ml,Tres Generaciones Tequila Anejo 50th Anniversary Legacy Edition-750 ML,Tequila,"tequila, anejo",Sauza,TRUE,133.99,https://www.liquorstore-online.com/product_images/p_250017.webp
delola-grapefruit-elderflower-spritz-paloma-rosa-tequila-cocktail-750-ml,Delola Grapefruit Elderflower Spritz Paloma Rosa Tequila Cocktail-750 ML,Tequila,tequila,Delola,TRUE,76.49,https://www.liquorstore-online.com/product_images/p_250050.webp
ghost-spicy-reposado-tequila-750-ml,Ghost Spicy Reposado Tequila-750 ML,Tequila,"tequila, reposado",Ghost,TRUE,90.49,https://www.liquorstore-online.com/product_images/p_250073.webp
1800-guachi-monton-anejo-tequila-750-ml,1800 Guachi Monton Anejo Tequila-750 ML,Tequila,"tequila, anejo",1800,TRUE,215.49,https://www.liquorstore-online.com/product_images/p_250074.webp
sauza-tequila-extra-anejo-la-perseverencia-150-aniversario-edicion-especial-750-ml,Sauza Tequila Extra Anejo La Perseverencia 150 Aniversario Edicion Especial-750 ML,Tequila,"tequila, extra-anejo",Sauza,TRUE,397.99,https://www.liquorstore-online.com/product_images/p_250085.webp
400-conejos-anejo-mezcal-750-ml,400 Conejos Anejo Mezcal-750 ML,Tequila,"tequila, mezcal, anejo",400 Conejos,TRUE,109.99,https://www.liquorstore-online.com/product_images/p_250092.webp
don-julio-tequila-reposado-private-cask-750-ml,Don Julio Tequila Reposado Private Cask-750 ML,Tequila,"tequila, reposado",Don Julio,TRUE,133.99,https://www.liquorstore-online.com/product_images/p_250105.webp
gran-coramino-reposado-tequila-750-ml,Gran Coramino Reposado Tequila-750 ML,Tequila,"tequila, reposado",Gran Coramino,TRUE,93.49,https://www.liquorstore-online.com/product_images/p_250131.webp
que-onda-onda-reposado-tequila-750-ml,Que Onda Onda Reposado Tequila-750 ML,Tequila,"tequila, reposado",Que Onda,TRUE,93.49,https://www.liquorstore-online.com/product_images/p_250141.webp
tequila-ocho-tequila-plata-750-ml,Tequila Ocho Tequila Plata-750 ML,Tequila,"tequila, blanco",Tequila Ocho,TRUE,109.99,https://www.liquorstore-online.com/product_images/p_250166.webp
los-sundays-jalapeno-blanco-tequila-750-ml,Los Sundays Jalapeno Blanco Tequila-750 ML,Tequila,"tequila, blanco",Los Sundays,TRUE,83.49,https://www.liquorstore-online.com/product_images/p_250172.webp
hacienda-chihuahua-sotol-anejo-tequila-750-ml,Hacienda Chihuahua Sotol Anejo Tequila-750 ML,Tequila,"tequila, anejo",Hacienda de Chihuahua,TRUE,133.99,https://www.liquorstore-online.com/product_images/p_250174.webp
fortaleza-reposado-tequila-750-ml,Fortaleza Reposado Tequila-750 ML,Tequila,"tequila, reposado",Fortaleza,TRUE,265.99,https://www.liquorstore-online.com/product_images/p_250212.webp
fortaleza-blanco-tequila-750-ml,Fortaleza Blanco Tequila-750 ML,Tequila,"tequila, blanco",Fortaleza,TRUE,255.99,https://www.liquorstore-online.com/product_images/p_250213.webp
jose-cuervo-reserva-de-la-familia-organic-platino-tequila-750-ml,Jose Cuervo Reserva de la Familia Organic Platino Tequila-750 ML,Tequila,tequila,Jose Cuervo,TRUE,123.99,https://www.liquorstore-online.com/product_images/p_250235.webp
fortaleza-tequila-blanco-still-strength-750-ml,Fortaleza Tequila Blanco Still Strength-750 ML,Tequila,"tequila, blanco",Fortaleza,TRUE,265.99,https://www.liquorstore-online.com/product_images/p_250241.webp
los-siete-misterios-doba-yej-mezcal-750-ml,Los Siete Misterios Doba Yej - Mezcal-750 ML,Tequila,"tequila, mezcal",Los Siete Misterios,TRUE,85.49,https://www.liquorstore-online.com/product_images/p_250253.webp
corazon-anejo-tequila-thomas-handy-expresiones-750-ml,Corazon Anejo Tequila Thomas Handy Expresiones-750 ML,Tequila,"tequila, anejo",Corazon,TRUE,153.99,https://www.liquorstore-online.com/product_images/p_250263.webp
corazón-weller-12-year-expresiones-anejo-tequila-750-ml,Corazón Weller 12 Year Expresiones Anejo Tequila-750 ML,Tequila,"tequila, anejo",Corazon,TRUE,153.99,https://www.liquorstore-online.com/product_images/p_250264.webp
corazon-william-larue-weller-expresiones-añejo-tequila-750-ml,Corazon William Larue Weller Expresiones Añejo Tequila-750 ML,Tequila,"tequila, anejo",Corazon,TRUE,153.99,https://www.liquorstore-online.com/product_images/p_250265.webp
clase-azul-plata-reposado-bundle,Clase Azul Plata & Reposado Bundle,Tequila,"tequila, reposado",Bundles,TRUE,397.99,https://www.liquorstore-online.com/product_images/p_250303.webp
torada-premium-gold-tequila-1-75-l,Torada Premium Gold Tequila-1.75 L,Tequila,tequila,Torada,TRUE,66.49,https://www.liquorstore-online.com/product_images/p_250323.webp
don-julio-1942-x-peggy-gou-limited-edition-anejo-tequila-750-ml,Don Julio 1942 X Peggy Gou Limited Edition Anejo Tequila-750 ML,Tequila,"tequila, anejo",Don Julio,TRUE,318.49,https://www.liquorstore-online.com/product_images/p_250336.webp
don-julio-1942-x-peggy-gou-limited-edition-anejo-tequila-750-ml-3-pack,Don Julio 1942 X Peggy Gou Limited Edition Anejo Tequila-750 ML - 3 Pack,Tequila,"tequila, anejo",Don Julio,TRUE,837.99,https://www.liquorstore-online.com/product_images/p_250337.webp
don-julio-1942-x-peggy-gou-limited-edition-anejo-tequila-750-ml-6-pack,Don Julio 1942 X Peggy Gou Limited Edition Anejo Tequila-750 ML - 6 Pack,Tequila,"tequila, anejo",Don Julio,TRUE,1558.99,https://www.liquorstore-online.com/product_images/p_250338.webp
clase-azul-tequila-blanco-ahumado-750-ml,Clase Azul Tequila Blanco Ahumado-750 ML,Tequila,"tequila, blanco",Clase Azul,TRUE,457.99,https://www.liquorstore-online.com/product_images/p_250412.webp
partida-roble-fino-reposado-tequila-750-ml,Partida Roble Fino Reposado Tequila-750 ML,Tequila,"tequila, reposado",Partida,TRUE,235.99,https://www.liquorstore-online.com/product_images/p_250436.webp
nosotros-chespirito-joven-tequila-750-ml,Nosotros Chespirito Joven Tequila-750 ML,Tequila,tequila,Nosotros,TRUE,113.99,https://www.liquorstore-online.com/product_images/p_250437.webp
clase-azul-dia-del-los-muertos-1l,Clase Azul Dia Del Los Muertos 1L,Tequila,tequila,Clase Azul,TRUE,2257.99,https://www.liquorstore-online.com/product_images/p_250762.webp
clase-azul-dia-de-los-muertos-1l,Clase Azul Dia De Los Muertos 1L,Tequila,tequila,Clase Azul,TRUE,2252.99,https://www.liquorstore-online.com/product_images/p_251062.webp
400-conejos-joven-mezcal-70cl-38-abv0,400 Conejos - Joven Mezcal 70cl 38% ABV0,Tequila,"tequila, mezcal",TequilaLiquorStore.com,TRUE,191.99,https://www.liquorstore-online.com/product_images/p_252187.webp
1800-tequila-blanco-high-proof-375ml,1800 Tequila Blanco High Proof 375ml,Tequila,"tequila, blanco",1800,TRUE,65.49,https://www.liquorstore-online.com/product_images/p_252191.webp
1800-reposado-high-proof-tequila-375ml,1800 Reposado High Proof Tequila 375ml,Tequila,"tequila, reposado",1800,TRUE,65.49,https://www.liquorstore-online.com/product_images/p_252192.webp
rammstein-reposado-tequila-70cl-2cl-38-abv-includes-rammstein-rum-miniature,Rammstein - Reposado Tequila 70cl + 2cl 38% ABV (Includes Rammstein Rum Miniature),Tequila,"tequila, reposado",TequilaLiquorStore.com,TRUE,253.99,https://www.liquorstore-online.com/product_images/p_252197.webp
don-julio-1942-year-of-the-horse-750ml,Don Julio 1942 Year Of The Horse 750ml,Tequila,tequila,Don Julio,TRUE,250.99,https://www.liquorstore-online.com/product_images/p_252202.webp
riazul-tequila-extra-anejo-750ml,Riazul Tequila Extra Anejo 750ml,Tequila,"tequila, extra-anejo",Riazul,TRUE,206.49,https://www.liquorstore-online.com/product_images/p_252212.webp
tequila-komos-reposado-rosa-750ml,Tequila Komos Reposado Rosa 750ml,Tequila,"tequila, reposado",Tequila Komos,TRUE,169.49,https://www.liquorstore-online.com/product_images/p_252387.webp
tequila-rose-original-strawberry-cream-tequila-70cl-15-abv-includes-shot-paddle-glasses,Tequila Rose - Original Strawberry Cream Tequila 70cl 15% ABV (Includes Shot Paddle & Glasses),Tequila,tequila,TequilaLiquorStore.com,TRUE,122.99,https://www.liquorstore-online.com/product_images/p_252529.webp
casa-lotos-sotol-blanco-750ml,Casa Lotos Sotol Blanco 750ml,Tequila,"tequila, blanco",Casa Lotos,TRUE,96.49,https://www.liquorstore-online.com/product_images/p_252578.webp
sangre-de-vida-blanco-tequila-70cl-40-abv0,Sangre De Vida - Blanco Tequila 70cl 40% ABV0,Tequila,"tequila, blanco",TequilaLiquorStore.com,TRUE,214.99,https://www.liquorstore-online.com/product_images/p_252652.webp
sangre-de-vida-reposado-tequila-70cl-55-abv0,Sangre De Vida - Reposado Tequila 70cl 55% ABV0,Tequila,"tequila, reposado",TequilaLiquorStore.com,TRUE,253.99,https://www.liquorstore-online.com/product_images/p_252653.webp
hornitos-anejo-reserve-750ml,Hornitos Anejo Reserve 750ml,Tequila,"tequila, anejo",Hornitos,TRUE,89.49,https://www.liquorstore-online.com/product_images/p_252681.webp
tres-mujeres-tequila-anfora-reposado-750ml,Tres Mujeres Tequila Anfora Reposado 750ml,Tequila,"tequila, reposado",Tres Mujeres,TRUE,96.47,https://www.liquorstore-online.com/product_images/p_252781.webp
olmeca-tezon-reposado-tequila-75cl-40-abv0,Olmeca Tezon - Reposado Tequila 75cl 40% ABV0,Tequila,"tequila, reposado",TequilaLiquorStore.com,TRUE,188.99,https://www.liquorstore-online.com/product_images/p_252792.webp
don-julio-1942-small-batch-anejo-tequila-70cl-38-abv-includes-gift-box,Don Julio - 1942 Small Batch Anejo Tequila 70cl 38% ABV (Includes Gift Box),Tequila,"tequila, anejo",TequilaLiquorStore.com,TRUE,336.99,https://www.liquorstore-online.com/product_images/p_252797.webp
montelobos-espadin-joven-mezcal-70cl-x-3-43-2-abv-oaxaca-negroni-cocktail-bundle,Montelobos - Espadin Joven Mezcal 70cl x 3 43.2% ABV (Oaxaca Negroni Cocktail Bundle),Tequila,"tequila, mezcal",TequilaLiquorStore.com,TRUE,324.99,https://www.liquorstore-online.com/product_images/p_252965.webp
tierra-noble-anejo-tequila-70cl-x-2-40-abv-includes-jack-rudy-margarita-mix,Tierra Noble - Anejo Tequila 70cl x 2 40% ABV (Includes Jack Rudy Margarita Mix),Tequila,"tequila, anejo",TequilaLiquorStore.com,TRUE,210.99,https://www.liquorstore-online.com/product_images/p_253009.webp
codigo-1530-barrel-strength-limited-bottling-anejo-tequila-750ml,Codigo 1530 Barrel Strength Limited Bottling Anejo Tequila 750ml,Tequila,"tequila, anejo",Codigo 1530,TRUE,229.99,https://www.liquorstore-online.com/product_images/p_253135.webp
